mean_fit_time,std_fit_time,mean_score_time,std_score_time,param_clf__reg_lambda,param_clf__reg_alpha,param_clf__n_estimators,param_clf__min_child_weight,param_clf__max_depth,param_clf__learning_rate,param_clf__gamma,params,split0_test_neg_mean_squared_error,split1_test_neg_mean_squared_error,split2_test_neg_mean_squared_error,mean_test_neg_mean_squared_error,std_test_neg_mean_squared_error,rank_test_neg_mean_squared_error,split0_train_neg_mean_squared_error,split1_train_neg_mean_squared_error,split2_train_neg_mean_squared_error,mean_train_neg_mean_squared_error,std_train_neg_mean_squared_error,split0_test_r2,split1_test_r2,split2_test_r2,mean_test_r2,std_test_r2,rank_test_r2,split0_train_r2,split1_train_r2,split2_train_r2,mean_train_r2,std_train_r2,overfitting_gap
3.5262014071146646,0.028516992428610402,0.35487620035807294,0.02652087400151452,2.0,0.1,100,2,3,0.05,1.0,"{'clf__reg_lambda': 2, 'clf__reg_alpha': 0.1, 'clf__n_estimators': 100, 'clf__min_child_weight': 2, 'clf__max_depth': 3, 'clf__learning_rate': 0.05, 'clf__gamma': 1}",-1.3449550734315074,-1.3739959476328534,-1.3566654860267433,-1.3585388356970345,0.011929659755835051,86,-1.358931680658827,-1.3445037988903514,-1.3506584809668614,-1.3513646535053467,0.0059112859752544645,0.2551977025036324,0.24948244078748094,0.2532482661538349,0.25264280314831605,0.0023721991497786033,86,0.25487055211676535,0.25773489918283077,0.2572282844331454,0.25661124524424717,0.0012481116534446537,0.003968442095931113
6.757371107737224,0.09365837579629245,0.5597105026245117,0.020165735536961004,1.0,0.01,100,3,9,0.05,0.0,"{'clf__reg_lambda': 1, 'clf__reg_alpha': 0.01, 'clf__n_estimators': 100, 'clf__min_child_weight': 3, 'clf__max_depth': 9, 'clf__learning_rate': 0.05, 'clf__gamma': 0}",-1.150364731683204,-1.167215795160372,-1.1590064796801753,-1.1588623355079173,0.006880172877415436,28,-0.9723769112308588,-0.9680707984559652,-0.9664445544711492,-0.9689640880526578,0.0025028901838724167,0.3629569403159134,0.3624319262605693,0.36204605545404867,0.3624783073435105,0.00037331060484506787,28,0.46682627146599043,0.46555363442846187,0.4685202145172088,0.466966706803887,0.0012151655357289304,0.10448839946037652
4.248915990193685,0.20864738899560775,0.492345650990804,0.025784328038955213,1.0,0.0,100,3,6,0.1,0.1,"{'clf__reg_lambda': 1, 'clf__reg_alpha': 0, 'clf__n_estimators': 100, 'clf__min_child_weight': 3, 'clf__max_depth': 6, 'clf__learning_rate': 0.1, 'clf__gamma': 0.1}",-1.1894784217102727,-1.2120368763943599,-1.204268600040841,-1.2019279660484912,0.009356990080437562,49,-1.121972805270335,-1.1129002018488179,-1.1168493657204044,-1.117240790946519,0.0037142018875087612,0.34129676238789197,0.3379493151240863,0.3371323481289884,0.3387928085469889,0.0018017024163828627,49,0.3847998476819834,0.38559713910326465,0.3858076404243511,0.38540154240319974,0.0004340546084687856,0.04660873385621084
7.1421533425649,0.28743292341552346,0.699921449025472,0.12402085889953268,1.5,0.1,100,1,9,0.1,0.0,"{'clf__reg_lambda': 1.5, 'clf__reg_alpha': 0.1, 'clf__n_estimators': 100, 'clf__min_child_weight': 1, 'clf__max_depth': 9, 'clf__learning_rate': 0.1, 'clf__gamma': 0}",-1.1230813886074904,-1.1367221468192454,-1.1298784162974882,-1.1298939839080746,0.00556882710037252,2,-0.8555416257964841,-0.8396614646366475,-0.8390479980849267,-0.8447503628393527,0.007634684121821328,0.3780657696051529,0.37908846630633564,0.378079065845067,0.3784111005855186,0.00047900065226297214,2,0.5308893976466894,0.5364450422414602,0.5385797892192951,0.535304743035815,0.003241475213931403,0.1568936424502964
3.8433024088541665,0.08006687696715899,0.39359410603841144,0.0471802330040732,5.0,0.0,100,2,3,0.3,1.0,"{'clf__reg_lambda': 5, 'clf__reg_alpha': 0, 'clf__n_estimators': 100, 'clf__min_child_weight': 2, 'clf__max_depth': 3, 'clf__learning_rate': 0.3, 'clf__gamma': 1}",-1.2448253905488273,-1.2716258217219711,-1.2618947434872705,-1.2594486519193564,0.011077102531365318,75,-1.2353329272841884,-1.225644276234638,-1.2312628781631447,-1.2307466938939904,0.003972180294647628,0.31064700287938996,0.3054000562413539,0.3054130901566213,0.30715338309245505,0.0024703679729254973,75,0.322642223181532,0.32335410802399434,0.32288787046126677,0.3229614005555977,0.00029524003038334466,0.015808017463142643
4.049585739771525,0.20118832935424452,0.5041024684906006,0.10353501644663919,5.0,0.1,100,1,6,0.3,1.0,"{'clf__reg_lambda': 5, 'clf__reg_alpha': 0.1, 'clf__n_estimators': 100, 'clf__min_child_weight': 1, 'clf__max_depth': 6, 'clf__learning_rate': 0.3, 'clf__gamma': 1}",-1.164770895734944,-1.1874914060363548,-1.1792079198013234,-1.1771567405242076,0.009388322512897982,45,-1.0457803878365022,-1.027895260291371,-1.031010637133272,-1.0348954284203815,0.0078012028702718365,0.3549791689421308,0.3513567829805605,0.3509265417699219,0.35242083123087103,0.0018175250128445123,45,0.4265776756209395,0.4325261262635618,0.4330131928220977,0.43070566490219964,0.0029256942296100254,0.0782848336713286
4.888903935750325,0.36765674256682,0.5531057516733805,0.05116914729634939,5.0,0.0,100,2,6,0.3,0.1,"{'clf__reg_lambda': 5, 'clf__reg_alpha': 0, 'clf__n_estimators': 100, 'clf__min_child_weight': 2, 'clf__max_depth': 6, 'clf__learning_rate': 0.3, 'clf__gamma': 0.1}",-1.1525492520933764,-1.1789997604754383,-1.161799263251862,-1.1644494252735589,0.010959770906161468,38,-0.9813658261539552,-0.9683233336063514,-0.9636882250066187,-0.9711257949223083,0.007483971211937108,0.36174720784784453,0.35599517300715156,0.36050881875429164,0.3594170665364292,0.002471897837835276,38,0.4618974694452229,0.4654142164297802,0.4700360111407723,0.46578256567192516,0.0033327392242908905,0.10636549913549598
4.795273303985596,0.25654210112704856,0.6207485198974609,0.13021497465229998,1.0,0.1,100,2,6,0.05,1.0,"{'clf__reg_lambda': 1, 'clf__reg_alpha': 0.1, 'clf__n_estimators': 100, 'clf__min_child_weight': 2, 'clf__max_depth': 6, 'clf__learning_rate': 0.05, 'clf__gamma': 1}",-1.224458631379608,-1.2520109199246072,-1.243133087676882,-1.2398675463270326,0.011482739837030981,58,-1.1894345714943948,-1.1877037749301267,-1.1908929092375962,-1.1893437518873726,0.0013035414732014887,0.32192560193555564,0.31611430052024925,0.3157401008682038,0.31792666777466955,0.002831797092804489,58,0.3478092105990426,0.34430005852937007,0.3450886499319922,0.3457326396868016,0.0015032363232364895,0.027805971912132077
4.606527964274089,0.30659632088807703,0.8478856881459554,0.5837073056353013,1.0,0.01,100,3,6,0.3,0.5,"{'clf__reg_lambda': 1, 'clf__reg_alpha': 0.01, 'clf__n_estimators': 100, 'clf__min_child_weight': 3, 'clf__max_depth': 6, 'clf__learning_rate': 0.3, 'clf__gamma': 0.5}",-1.15699521092578,-1.1766657415864614,-1.1613075741531502,-1.1649895088884639,0.008441955802795715,40,-0.9591886464742841,-0.9718567944536655,-0.9423971522357943,-0.9578141977212479,0.012066053260622978,0.35928514765091923,0.3572700837248497,0.36077946003672856,0.3591115638041658,0.001437945070458629,40,0.4740576610762761,0.4634634858522766,0.48174467537462307,0.4730886074343919,0.007494654597717157,0.1139770436302261
9.558566252390543,0.106039978167496,0.7017624378204346,0.12938005922822807,1.5,0.0,100,3,9,0.05,0.5,"{'clf__reg_lambda': 1.5, 'clf__reg_alpha': 0, 'clf__n_estimators': 100, 'clf__min_child_weight': 3, 'clf__max_depth': 9, 'clf__learning_rate': 0.05, 'clf__gamma': 0.5}",-1.1491502317541076,-1.1666812695987936,-1.159685334199876,-1.1585056118509256,0.007205466933443106,25,-0.9802658303206954,-0.9746614977639169,-0.9727730501928267,-0.9759001260924797,0.0031818326598974,0.3636294998350893,0.3627239000618776,0.36167239238467963,0.3626752640938822,0.0007997255721597655,25,0.46250061918378327,0.46191508309799345,0.46503996566793426,0.4631518893165703,0.00135630315155458,0.10047662522268813
4.841408332188924,0.6541577948840707,0.36547478040059406,0.026932402306576893,2.0,0.01,100,1,3,0.05,0.0,"{'clf__reg_lambda': 2, 'clf__reg_alpha': 0.01, 'clf__n_estimators': 100, 'clf__min_child_weight': 1, 'clf__max_depth': 3, 'clf__learning_rate': 0.05, 'clf__gamma': 0}",-1.344946290982728,-1.3741171089432793,-1.3585814233374522,-1.3592149410878198,0.011917358870625864,98,-1.358915423029479,-1.344942185763923,-1.3523716726922126,-1.3520764271618715,0.005708369140263631,0.25520256600291036,0.24941625886669105,0.2521936734606113,0.25227083277673756,0.0023628799854858505,98,0.25487946650043336,0.2574928773475804,0.25628614371077474,0.2562194958529295,0.0010679608347103975,0.0039486630761919606
4.08628249168396,0.25919351207343005,0.41780654589335126,0.057183644639254974,2.0,0.0,100,4,3,0.1,0.0,"{'clf__reg_lambda': 2, 'clf__reg_alpha': 0, 'clf__n_estimators': 100, 'clf__min_child_weight': 4, 'clf__max_depth': 3, 'clf__learning_rate': 0.1, 'clf__gamma': 0}",-1.3033048716220172,-1.3309061831462827,-1.3194609554415626,-1.3178906700699542,0.011322763107301537,81,-1.311687165524158,-1.2974930198275976,-1.3080408856608534,-1.305740357004203,0.006018735586419486,0.27826253686999425,0.2730193550885883,0.2737268203793004,0.2750029041126277,0.002322933643630193,81,0.2807756656547322,0.2836883109093785,0.2806651078972955,0.28170969482046876,0.001399820696827948,0.0067067907078410816
4.514635801315308,0.31423414725336074,0.4898523489634196,0.044183483796682556,1.5,0.0,100,1,6,0.3,1.0,"{'clf__reg_lambda': 1.5, 'clf__reg_alpha': 0, 'clf__n_estimators': 100, 'clf__min_child_weight': 1, 'clf__max_depth': 6, 'clf__learning_rate': 0.3, 'clf__gamma': 1}",-1.1658674863939928,-1.1901034197569138,-1.1720374534771403,-1.1760027865426823,0.010283903805899684,42,-1.0221488388368374,-1.0332549608291413,-0.9945577508355666,-1.0166538501671818,0.016268880122930724,0.3543719046115916,0.34993002319603494,0.3548733939713081,0.35305844059297825,0.0022215789357422164,42,0.4395353270682948,0.4295671769000112,0.45305983916109505,0.44072078104313367,0.009627400856346916,0.08766234045015542
5.371186812718709,0.12638126644531034,0.49852538108825684,0.04314166628225706,1.0,0.0,100,3,6,0.05,1.0,"{'clf__reg_lambda': 1, 'clf__reg_alpha': 0, 'clf__n_estimators': 100, 'clf__min_child_weight': 3, 'clf__max_depth': 6, 'clf__learning_rate': 0.05, 'clf__gamma': 1}",-1.2253825433542596,-1.2498009072060117,-1.2451083168271835,-1.240097255795818,0.010579765995968878,61,-1.191342503094568,-1.1858154290787069,-1.1931682745989296,-1.1901087355907347,0.00312599008328571,0.3214139627180098,0.31732147536981603,0.3146528720649925,0.3177961033842728,0.0027805323853128017,61,0.34676305350367875,0.34534256448951584,0.34383735135667115,0.34531432311662186,0.0011945798269987161,0.02751821973234908
6.778641144434611,0.2044023305187192,0.6310704549153646,0.016082156776625476,2.0,0.01,100,2,9,0.1,0.5,"{'clf__reg_lambda': 2, 'clf__reg_alpha': 0.01, 'clf__n_estimators': 100, 'clf__min_child_weight': 2, 'clf__max_depth': 9, 'clf__learning_rate': 0.1, 'clf__gamma': 0.5}",-1.1182495651271744,-1.139179346811607,-1.1329214911260852,-1.1301168010216223,0.00877168380932099,3,-0.8532028214194741,-0.8623517133834198,-0.8531997581528634,-0.8562514309852526,0.004313551232178514,0.3807415119405859,0.3777462703967033,0.37640406089514833,0.3782972810774792,0.0018131151775583648,3,0.5321718109121623,0.5239183541149635,0.5307972688767528,0.5289624779679595,0.003610607569837308,0.1506651968904803
3.729010899861654,0.05342621498702586,0.4235825538635254,0.04272603286852818,5.0,0.01,100,4,3,0.05,0.5,"{'clf__reg_lambda': 5, 'clf__reg_alpha': 0.01, 'clf__n_estimators': 100, 'clf__min_child_weight': 4, 'clf__max_depth': 3, 'clf__learning_rate': 0.05, 'clf__gamma': 0.5}",-1.3444239666382702,-1.3751443192127049,-1.3578092822769794,-1.3591258560426516,0.012576036483056044,93,-1.3584331763694144,-1.345675362024062,-1.3515510512539048,-1.3518865298824603,0.005213755278126185,0.2554918160897538,0.2488551659860786,0.2526186844022329,0.25232188882602175,0.002717516864123924,93,0.25514389199928056,0.2570881100638449,0.25673743054764153,0.256323144203589,0.0008460578592491562,0.004001255377567237
7.073856274286906,0.052855613513850236,0.6638664404551188,0.07426901954327297,2.0,0.1,100,2,9,0.05,0.0,"{'clf__reg_lambda': 2, 'clf__reg_alpha': 0.1, 'clf__n_estimators': 100, 'clf__min_child_weight': 2, 'clf__max_depth': 9, 'clf__learning_rate': 0.05, 'clf__gamma': 0}",-1.1497814768027366,-1.1665618798429445,-1.1625297468233733,-1.159624367823018,0.007151988157136598,31,-0.9764068571382366,-0.9722260896069856,-0.9762172907506562,-0.9749500791652927,0.001927705577303404,0.36327993220135224,0.3627891143067298,0.360106737416489,0.3620585946415236,0.001394641058148513,31,0.4646165714408148,0.46325960773424024,0.4631458640101025,0.46367401439505257,0.0006681041570904384,0.10161541975352895
4.93499231338501,0.0597390167648564,0.4735620816548665,0.05177519340073499,1.0,0.01,100,3,6,0.05,0.0,"{'clf__reg_lambda': 1, 'clf__reg_alpha': 0.01, 'clf__n_estimators': 100, 'clf__min_child_weight': 3, 'clf__max_depth': 6, 'clf__learning_rate': 0.05, 'clf__gamma': 0}",-1.2251316605796152,-1.2505088982438888,-1.2449058595373816,-1.2401821394536288,0.010885347841310835,62,-1.1929148048716254,-1.1854749792637933,-1.1925927146730704,-1.1903274996028297,0.0034337686540760253,0.32155289528954956,0.3169347495526058,0.3147643109817678,0.31775065194130775,0.0028308410713522598,62,0.3459009289600249,0.34553051785669764,0.34415387077262005,0.3451951058631142,0.0007516333244449651,0.027444453921806444
7.370957136154175,0.370392300928951,0.8046347300211588,0.10053274223855875,5.0,0.01,100,2,9,0.1,0.0,"{'clf__reg_lambda': 5, 'clf__reg_alpha': 0.01, 'clf__n_estimators': 100, 'clf__min_child_weight': 2, 'clf__max_depth': 9, 'clf__learning_rate': 0.1, 'clf__gamma': 0}",-1.1250648801483842,-1.1433873096302456,-1.13608302441361,-1.1348450713974134,0.007531146494488891,10,-0.8869949470942767,-0.8918114731693196,-0.8921765797977733,-0.8903276666871233,0.002361297754193993,0.37696736186953006,0.37544775562353916,0.3746638526504573,0.3756929900478421,0.0009562578532089564,10,0.5136429118473769,0.5076543974154154,0.5093626271160845,0.510219978792959,0.0025188443380291478,0.13452698874511687
4.919518868128459,0.5884995252673529,0.4375321865081787,0.012574135105768406,5.0,0.01,100,2,3,0.05,1.0,"{'clf__reg_lambda': 5, 'clf__reg_alpha': 0.01, 'clf__n_estimators': 100, 'clf__min_child_weight': 2, 'clf__max_depth': 3, 'clf__learning_rate': 0.05, 'clf__gamma': 1}",-1.3444239666382702,-1.3751443192127049,-1.3578092822769794,-1.3591258560426516,0.012576036483056044,93,-1.3584331763694144,-1.345675362024062,-1.3515510512539048,-1.3518865298824603,0.005213755278126185,0.2554918160897538,0.2488551659860786,0.2526186844022329,0.25232188882602175,0.002717516864123924,93,0.25514389199928056,0.2570881100638449,0.25673743054764153,0.256323144203589,0.0008460578592491562,0.004001255377567237
6.6922101974487305,0.052712919493584,0.6703424453735352,0.13838711639044302,5.0,0.1,100,1,6,0.3,0.5,"{'clf__reg_lambda': 5, 'clf__reg_alpha': 0.1, 'clf__n_estimators': 100, 'clf__min_child_weight': 1, 'clf__max_depth': 6, 'clf__learning_rate': 0.3, 'clf__gamma': 0.5}",-1.1559842143313317,-1.1722887399063386,-1.1671634017490986,-1.1651454519955895,0.00680751934565884,41,-1.0055914565914275,-0.9704718665837002,-0.9656858347180609,-0.9805830526310628,0.017791228676669362,0.35984501214095377,0.35966093256490217,0.3575562267080873,0.3590207238046477,0.001038279067160441,41,0.4486140712513229,0.46422806801699246,0.4689374595725484,0.4605931996136213,0.008685974497092075,0.10157247580897355
10.793688535690308,0.49814600301720696,1.1053513685862224,0.18606851931514856,5.0,0.1,100,1,9,0.05,0.5,"{'clf__reg_lambda': 5, 'clf__reg_alpha': 0.1, 'clf__n_estimators': 100, 'clf__min_child_weight': 1, 'clf__max_depth': 9, 'clf__learning_rate': 0.05, 'clf__gamma': 0.5}",-1.1509845833787573,-1.16730786840107,-1.1619598783982588,-1.160084110059362,0.006794668921334348,34,-0.9975473236628266,-0.989302032948326,-0.9947105425345905,-0.9938532997152477,0.00342026837934722,0.3626136820345961,0.36238163311087224,0.36042041108100065,0.36180524207548964,0.0009837951474514135,34,0.4530248303888843,0.4538324296063174,0.4529758139585678,0.4532776913179231,0.00039276929536152366,0.09147244924243347
5.0629299481709795,0.7155072438944403,0.7257962226867676,0.22253821238984509,2.0,0.1,100,1,6,0.3,1.0,"{'clf__reg_lambda': 2, 'clf__reg_alpha': 0.1, 'clf__n_estimators': 100, 'clf__min_child_weight': 1, 'clf__max_depth': 6, 'clf__learning_rate': 0.3, 'clf__gamma': 1}",-1.1722894311958247,-1.1869819715133536,-1.186654490475467,-1.1819752977282152,0.0068502466534670035,48,-1.046247438271573,-1.0258250610811053,-1.0357144006459362,-1.0359289666662048,0.008338780944487596,0.35081559307577537,0.351635051308382,0.34682771297284654,0.34975945245233464,0.0020998730486132713,48,0.4263215825165023,0.43366902866873724,0.4304264378850381,0.4301390163567593,0.0030064596666939873,0.08037956390442463
7.130362351735433,0.9122157123009638,0.9925042788187662,0.1105669408730611,2.0,0.01,100,2,6,0.05,0.5,"{'clf__reg_lambda': 2, 'clf__reg_alpha': 0.01, 'clf__n_estimators': 100, 'clf__min_child_weight': 2, 'clf__max_depth': 6, 'clf__learning_rate': 0.05, 'clf__gamma': 0.5}",-1.2253172812572086,-1.2527433404746835,-1.2443216761562423,-1.2407940992960447,0.01147112403468118,65,-1.193059427197198,-1.189334211288523,-1.1931140269773974,-1.191835888487706,0.001769093344189608,0.32145010322618217,0.3157142305749868,0.3150858640523243,0.3174167326178311,0.002863537435868844,65,0.3458216296434079,0.3433999376007868,0.3438671839157367,0.34436291705331046,0.0010489555424612158,0.02694618443547936
10.535242795944214,0.313278710351577,0.9295510450998942,0.1180462117581527,2.0,0.01,100,2,9,0.05,0.1,"{'clf__reg_lambda': 2, 'clf__reg_alpha': 0.01, 'clf__n_estimators': 100, 'clf__min_child_weight': 2, 'clf__max_depth': 9, 'clf__learning_rate': 0.05, 'clf__gamma': 0.1}",-1.1459651028893474,-1.16631040160068,-1.1627190118081736,-1.1583315054327337,0.008866433106920082,24,-0.9754200328853339,-0.9746036253924736,-0.9794556140911836,-0.9764930907896637,0.0021211692581586702,0.36539334410257307,0.36292647922174615,0.3600025599630109,0.3627741277624434,0.0022034135086576533,24,0.4651576669360399,0.4619470329085178,0.46136500303221706,0.46282323429225825,0.0016677073125485086,0.10004910652981486
6.526574691136678,0.429453058135602,0.6075576146443685,0.033219522813026085,5.0,0.01,100,4,6,0.3,0.0,"{'clf__reg_lambda': 5, 'clf__reg_alpha': 0.01, 'clf__n_estimators': 100, 'clf__min_child_weight': 4, 'clf__max_depth': 6, 'clf__learning_rate': 0.3, 'clf__gamma': 0}",-1.152828377682392,-1.1728262804483416,-1.1659350712665006,-1.1638632431324114,0.00829451154366534,37,-0.9893767831421615,-0.9735661217630971,-0.967528831762949,-0.9768239122227359,0.009212062522450049,0.3615926351159402,0.35936731189137916,0.35823233878366056,0.35973076193032666,0.0013957004951615235,37,0.4575049013400003,0.4625198113095108,0.4679239346170495,0.46264954908885353,0.004254541692952458,0.10291878715852687
7.799696445465088,0.5506268022856958,0.6728583971659342,0.06322590610194934,1.0,0.0,100,1,9,0.1,0.0,"{'clf__reg_lambda': 1, 'clf__reg_alpha': 0, 'clf__n_estimators': 100, 'clf__min_child_weight': 1, 'clf__max_depth': 9, 'clf__learning_rate': 0.1, 'clf__gamma': 0}",-1.1253272168342077,-1.1381292708256552,-1.1343936628904494,-1.132616716850104,0.005375332518254631,6,-0.8411745903498958,-0.8389558304860073,-0.8408837352385702,-0.8403380520248245,0.0009845646959354087,0.3768220864100157,0.3783198532135391,0.3755937308404066,0.37691189015465376,0.001114744913343166,6,0.538767130826657,0.5368346042526626,0.5375702567178107,0.5377239972657101,0.0007964051970573289,0.1608121071110563
3.7316845258076987,0.10442575663706909,0.46316130956013996,0.02412079499373511,5.0,0.1,100,1,3,0.3,0.0,"{'clf__reg_lambda': 5, 'clf__reg_alpha': 0.1, 'clf__n_estimators': 100, 'clf__min_child_weight': 1, 'clf__max_depth': 3, 'clf__learning_rate': 0.3, 'clf__gamma': 0}",-1.2476448630916348,-1.2703974432038165,-1.2589585808806645,-1.2590002957253719,0.00928874876886059,74,-1.237968513767672,-1.2243007677093611,-1.2292559216597372,-1.23050840104559,0.0056496813501652355,0.30908564988768517,0.30607103321826756,0.307029247226968,0.3073953101109736,0.0012576379824012626,74,0.32119707834515987,0.32409582366048895,0.3239915621391488,0.32309482138159923,0.0013425818635434104,0.015699511270625632
5.516594966252645,0.4772077446092729,0.5668270587921143,0.0815594156150455,2.0,0.0,100,1,6,0.05,0.1,"{'clf__reg_lambda': 2, 'clf__reg_alpha': 0, 'clf__n_estimators': 100, 'clf__min_child_weight': 1, 'clf__max_depth': 6, 'clf__learning_rate': 0.05, 'clf__gamma': 0.1}",-1.225057235640365,-1.252989810937069,-1.244165147486054,-1.2407373980211627,0.011658167107856342,64,-1.1930327650651844,-1.1888436069100814,-1.1929873089180036,-1.191621226964423,0.001964161643049478,0.32159410994931004,0.31557960105867267,0.3151720223994362,0.317448577802473,0.00293605264214965,64,0.3458362490241975,0.3436707873438115,0.3439368703625296,0.3444813022435129,0.0009642304797361379,0.027032724441039935
5.531977256139119,0.4831761481220288,0.5661301612854004,0.028598345897894537,5.0,0.01,100,1,6,0.05,0.1,"{'clf__reg_lambda': 5, 'clf__reg_alpha': 0.01, 'clf__n_estimators': 100, 'clf__min_child_weight': 1, 'clf__max_depth': 6, 'clf__learning_rate': 0.05, 'clf__gamma': 0.1}",-1.227503624090995,-1.2540781999215167,-1.2438284209785535,-1.2418034149970218,0.01094311068090995,69,-1.1978736289395056,-1.191510391695681,-1.1972678762345694,-1.1955506322899188,0.0028675648355795417,0.32023936154574517,0.31498509053956314,0.31535736735432585,0.31686060647987807,0.0023939697649224823,69,0.3431819064422349,0.3421985257708994,0.3415828449933268,0.34232109240215375,0.0006585419822956285,0.025460485922275677
4.622350692749023,0.2600483989095047,0.5048995018005371,0.025309714481082723,1.5,0.01,100,3,6,0.3,0.5,"{'clf__reg_lambda': 1.5, 'clf__reg_alpha': 0.01, 'clf__n_estimators': 100, 'clf__min_child_weight': 3, 'clf__max_depth': 6, 'clf__learning_rate': 0.3, 'clf__gamma': 0.5}",-1.151662494236172,-1.171532899317966,-1.1705430694235883,-1.164579487659242,0.009142628364742023,39,-0.9623631822789173,-0.9573894854559241,-0.9687277180343637,-0.9628267952564017,0.004640408189327512,0.362238272049479,0.3600737952334687,0.35569595037486945,0.359336005885939,0.002721365229011922,39,0.47231699953673134,0.4714505057332352,0.4672646274530722,0.47034404424101295,0.0022060233745003262,0.11100803835507395
3.8908286889394126,0.07476169434278113,0.4450254440307617,0.013056413621586951,2.0,0.0,100,1,3,0.1,0.1,"{'clf__reg_lambda': 2, 'clf__reg_alpha': 0, 'clf__n_estimators': 100, 'clf__min_child_weight': 1, 'clf__max_depth': 3, 'clf__learning_rate': 0.1, 'clf__gamma': 0.1}",-1.3033123214541427,-1.3306309570365993,-1.3194599291222335,-1.3178010692043252,0.01121430112823795,80,-1.3116264582374029,-1.2970139457494991,-1.308040120834366,-1.3055601749404226,0.006217929935809308,0.27825841134030727,0.2731696917969513,0.27372738529802687,0.2750518294784285,0.0022787980659378384,80,0.2808089526754899,0.283952795077569,0.28066552850064574,0.2818090920845682,0.0015169573747324631,0.006757262606139736
4.243167400360107,0.06877043730428443,0.4938839276631673,0.03934113753012742,5.0,0.0,100,1,6,0.3,1.0,"{'clf__reg_lambda': 5, 'clf__reg_alpha': 0, 'clf__n_estimators': 100, 'clf__min_child_weight': 1, 'clf__max_depth': 6, 'clf__learning_rate': 0.3, 'clf__gamma': 1}",-1.1612703798324897,-1.1861647297372577,-1.1824596082290306,-1.1766315725995928,0.010966818553216316,43,-1.0315381774242067,-1.02800586808677,-1.0366680907187393,-1.0320707120765722,0.0035563295777554576,0.35691766661991464,0.35208145313666894,0.3491367092752299,0.3527119430106045,0.0032076951653591153,43,0.43438696473546334,0.4324650626157901,0.42990197221034887,0.4322513331872007,0.0018372170419898705,0.07953939017659623
7.109505494435628,0.21881468024142256,0.6319406827290853,0.04068540497509922,1.0,0.1,100,2,9,0.1,0.1,"{'clf__reg_lambda': 1, 'clf__reg_alpha': 0.1, 'clf__n_estimators': 100, 'clf__min_child_weight': 2, 'clf__max_depth': 9, 'clf__learning_rate': 0.1, 'clf__gamma': 0.1}",-1.1238488704876906,-1.1349393339861809,-1.1352435722516607,-1.1313439255751774,0.00530125949210136,5,-0.8581284671577654,-0.8344877676238457,-0.8445982270752999,-0.8457381539523037,0.009684876305420878,0.3776407574400985,0.3800622918393072,0.37512591375827875,0.37760965434589483,0.002015387918253994,5,0.5294709807367542,0.5393013039626798,0.5355275349543847,0.534766606551273,0.004049121115134299,0.15715695220537812
4.41028110186259,0.17056068158556864,0.4597127437591553,0.06669951106705078,2.0,0.1,100,1,9,0.3,1.0,"{'clf__reg_lambda': 2, 'clf__reg_alpha': 0.1, 'clf__n_estimators': 100, 'clf__min_child_weight': 1, 'clf__max_depth': 9, 'clf__learning_rate': 0.3, 'clf__gamma': 1}",-1.1398262494502913,-1.1586910944531585,-1.1576277313941252,-1.1520483584325252,0.008653232391387149,20,-0.8676595888753488,-0.856920393784204,-0.8728219237283196,-0.8658006354626241,0.006623515908433687,0.36879288676070576,0.36708837199377364,0.3628049622617693,0.3662287403387496,0.0025189991250468917,20,0.5242448758749647,0.5269168424741704,0.5200063918393649,0.5237227033961667,0.002845239306541286,0.15749396305741709
8.153924465179443,0.16906321077894357,0.9336450099945068,0.2398462688321614,1.0,0.0,100,4,9,0.05,0.1,"{'clf__reg_lambda': 1, 'clf__reg_alpha': 0, 'clf__n_estimators': 100, 'clf__min_child_weight': 4, 'clf__max_depth': 9, 'clf__learning_rate': 0.05, 'clf__gamma': 0.1}",-1.147084449697988,-1.1689187184385428,-1.1599902671010183,-1.1586644784125164,0.008962964896119743,27,-0.972313086501756,-0.9755236522602535,-0.9764772501387659,-0.9747713296335917,0.001781302276405151,0.3647734779886488,0.3615017387847905,0.3615045476396189,0.3625932548043527,0.0015416510245886473,27,0.46686126784280213,0.4614391103304405,0.46300290375523057,0.4637677606428244,0.0022786988342896803,0.10117450583847165
4.622613827387492,0.35755122556751545,0.5684333642323812,0.05063617440880323,5.0,0.01,100,3,3,0.1,0.0,"{'clf__reg_lambda': 5, 'clf__reg_alpha': 0.01, 'clf__n_estimators': 100, 'clf__min_child_weight': 3, 'clf__max_depth': 3, 'clf__learning_rate': 0.1, 'clf__gamma': 0}",-1.3034077121800967,-1.3335672846011206,-1.319450956680564,-1.318808651153927,0.012320967750056769,82,-1.3125073851005697,-1.300564227703052,-1.307996326117719,-1.3070226463071135,0.004924144016013071,0.27820558635510595,0.2715657821198014,0.27373232401463954,0.27450123082984895,0.002764677598883049,82,0.28032592283924473,0.28199277801078326,0.28068961266201964,0.28100277117068256,0.0007156128978631608,0.006501540340833611
5.284691174825032,0.4406494409837576,0.6023464202880859,0.08393328564426646,1.0,0.0,100,1,9,0.3,1.0,"{'clf__reg_lambda': 1, 'clf__reg_alpha': 0, 'clf__n_estimators': 100, 'clf__min_child_weight': 1, 'clf__max_depth': 9, 'clf__learning_rate': 0.3, 'clf__gamma': 1}",-1.147047255983922,-1.1663249377331197,-1.1622628870876521,-1.158545026934898,0.008297554518949785,26,-0.8466890550226214,-0.8573236512044863,-0.8120783080085856,-0.838697004745231,0.019316485549153082,0.3647940749321721,0.3629185391527395,0.36025362548314654,0.3626554131893527,0.0018629451153563742,26,0.535743439440665,0.5266942146839267,0.5534113126936601,0.5386163222727506,0.0110947712411626,0.1759609090833979
4.456212123235066,0.40382823390076095,0.5126622517903646,0.07174774275865363,2.0,0.1,100,3,3,0.05,0.0,"{'clf__reg_lambda': 2, 'clf__reg_alpha': 0.1, 'clf__n_estimators': 100, 'clf__min_child_weight': 3, 'clf__max_depth': 3, 'clf__learning_rate': 0.05, 'clf__gamma': 0}",-1.3449550734315074,-1.3739858682586563,-1.3566654860267433,-1.3585354759056358,0.011925306667877167,85,-1.358931680658827,-1.3445053479614024,-1.3506584809668614,-1.3513651698623637,0.005910686687149233,0.2551977025036324,0.24948794644223482,0.2532482661538349,0.25264463836656736,0.002369754340198954,85,0.25487055211676535,0.2577340439815433,0.2572282844331454,0.25661096017715135,0.0012478550510619788,0.003966321810583984
6.074686845143636,0.28008463013474294,0.5040554205576578,0.017465056345786125,1.0,0.1,100,3,6,0.05,0.0,"{'clf__reg_lambda': 1, 'clf__reg_alpha': 0.1, 'clf__n_estimators': 100, 'clf__min_child_weight': 3, 'clf__max_depth': 6, 'clf__learning_rate': 0.05, 'clf__gamma': 0}",-1.2239786131408663,-1.2514291385649745,-1.2434549310409053,-1.2396208942489153,0.011529894914428665,56,-1.190452383001742,-1.1871118831267164,-1.191822474543319,-1.1897955802239257,0.001978376487637056,0.3221914239649435,0.3164320868476246,0.31556294806776297,0.31806215296011037,0.002941316012511136,56,0.34725112417180504,0.3446268263893746,0.34457745126364425,0.3454851339416079,0.0012489063470690052,0.027422980981497536
8.23788070678711,0.1268942092914996,0.7531008720397949,0.046421109895287194,1.0,0.01,100,1,9,0.05,1.0,"{'clf__reg_lambda': 1, 'clf__reg_alpha': 0.01, 'clf__n_estimators': 100, 'clf__min_child_weight': 1, 'clf__max_depth': 9, 'clf__learning_rate': 0.05, 'clf__gamma': 1}",-1.1468752164961409,-1.1673809049174484,-1.1593528955796564,-1.157869672331082,0.008436854777769976,23,-0.9639550355460625,-0.9621835483734382,-0.9658736357524264,-0.9640040732239757,0.0015068708718252765,0.36488934607415346,0.3623417383876745,0.36185537715034466,0.36302882053739083,0.0013304894507920923,23,0.4714441545196191,0.46880382998733605,0.4688341815800384,0.4696940553623312,0.0012375690149239445,0.10666523482494039
5.108280738194783,0.08401504181814058,0.5574237505594889,0.03019035912823153,5.0,0.01,100,3,6,0.1,0.5,"{'clf__reg_lambda': 5, 'clf__reg_alpha': 0.01, 'clf__n_estimators': 100, 'clf__min_child_weight': 3, 'clf__max_depth': 6, 'clf__learning_rate': 0.1, 'clf__gamma': 0.5}",-1.1881668282315907,-1.2142315625931013,-1.2053608283624522,-1.2025864063957148,0.0108202174122077,54,-1.1260092446844576,-1.1220929725855817,-1.126260429708248,-1.1247875489927626,0.0019081107566814655,0.34202308987317476,0.3367505120767015,0.3365311510016791,0.3384349176505184,0.0025388008645671734,54,0.38258658713705207,0.38052205273806083,0.38063218545770705,0.3812469417776067,0.000948338747774901,0.04281202412708829
4.111049334208171,0.20189209650032844,0.45381466547648114,0.020047157898705925,1.5,0.0,100,2,3,0.05,1.0,"{'clf__reg_lambda': 1.5, 'clf__reg_alpha': 0, 'clf__n_estimators': 100, 'clf__min_child_weight': 2, 'clf__max_depth': 3, 'clf__learning_rate': 0.05, 'clf__gamma': 1}",-1.3439957885436575,-1.3732827949301607,-1.3583887489202242,-1.3585557774646808,0.011956953616251,89,-1.3580453734371554,-1.3441050703776332,-1.3521071342008126,-1.351419192671867,0.005711856674688015,0.25572893035096955,0.24987198605993444,0.2522997275738873,0.25263354799493043,0.0024027104364586905,89,0.2553565321112997,0.2579550266826086,0.2564316221658095,0.25658106031990596,0.0010660807757717874,0.003947512324975533
6.512198527654012,0.2844711999822989,0.6472484270731608,0.03189551268072184,1.5,0.1,100,3,9,0.1,1.0,"{'clf__reg_lambda': 1.5, 'clf__reg_alpha': 0.1, 'clf__n_estimators': 100, 'clf__min_child_weight': 3, 'clf__max_depth': 9, 'clf__learning_rate': 0.1, 'clf__gamma': 1}",-1.1214770817947466,-1.1457911031984331,-1.1375616881831494,-1.1349432910587762,0.010097356480136294,11,-0.8785022012949901,-0.8744415822642665,-0.8733755251343465,-0.8754397695645344,0.0022087682131058254,0.3789541943738495,0.3741347318953725,0.37384994919005987,0.37564629181976067,0.0023419279490513784,11,0.518299654403682,0.5172438562436191,0.5197019481388371,0.5184151529287128,0.0010068296358031494,0.1427688611089521
5.210784832636516,0.28584191512275364,0.5242912769317627,0.0545738512730907,1.0,0.1,100,2,9,0.3,0.5,"{'clf__reg_lambda': 1, 'clf__reg_alpha': 0.1, 'clf__n_estimators': 100, 'clf__min_child_weight': 2, 'clf__max_depth': 9, 'clf__learning_rate': 0.3, 'clf__gamma': 0.5}",-1.1438670383345393,-1.154569450956283,-1.155677722804259,-1.1513714040316938,0.005325642058927432,19,-0.7618531736934371,-0.7306511520060642,-0.7542953407422723,-0.748933222147258,0.013290492246090092,0.36655519949208426,0.36933973657934516,0.3638783088682067,0.36659108164654536,0.0022297628884038034,19,0.5822606516855484,0.5966267618927037,0.585188075163044,0.5880251629137654,0.006198552562225183,0.22143408126722003
5.224008162816365,0.21657230545514178,0.5046943028767904,0.029454575864091677,2.0,0.1,100,3,6,0.05,1.0,"{'clf__reg_lambda': 2, 'clf__reg_alpha': 0.1, 'clf__n_estimators': 100, 'clf__min_child_weight': 3, 'clf__max_depth': 6, 'clf__learning_rate': 0.05, 'clf__gamma': 1}",-1.2251493266153115,-1.25352396568352,-1.2451438572302975,-1.2412723831763763,0.011902976352588298,67,-1.1943705117828647,-1.1903581738376823,-1.1953477233725094,-1.1933588029976854,0.0021589452887355266,0.3215431122832365,0.3152878298076447,0.314633309499334,0.31715475053007175,0.0031145238658022156,67,0.34510273571566286,0.3428346348731842,0.3426388004814098,0.34352539035675234,0.001118213325863456,0.026370639826680586
4.103690942128499,0.2351156261515312,0.47361230850219727,0.05427270196693384,1.5,0.0,100,4,3,0.05,1.0,"{'clf__reg_lambda': 1.5, 'clf__reg_alpha': 0, 'clf__n_estimators': 100, 'clf__min_child_weight': 4, 'clf__max_depth': 3, 'clf__learning_rate': 0.05, 'clf__gamma': 1}",-1.3439957885436575,-1.3732827949301607,-1.3583887489202242,-1.3585557774646808,0.011956953616251,89,-1.3580453734371554,-1.3441050703776332,-1.3521071342008126,-1.351419192671867,0.005711856674688015,0.25572893035096955,0.24987198605993444,0.2522997275738873,0.25263354799493043,0.0024027104364586905,89,0.2553565321112997,0.2579550266826086,0.2564316221658095,0.25658106031990596,0.0010660807757717874,0.003947512324975533
5.71061913172404,0.25124603296196524,0.5366683801015218,0.05734550335265541,2.0,0.1,100,2,6,0.05,0.5,"{'clf__reg_lambda': 2, 'clf__reg_alpha': 0.1, 'clf__n_estimators': 100, 'clf__min_child_weight': 2, 'clf__max_depth': 6, 'clf__learning_rate': 0.05, 'clf__gamma': 0.5}",-1.2243713747251361,-1.249740681962998,-1.244140713687333,-1.2394175901251556,0.010882137031850338,55,-1.1920838856108151,-1.186544511486238,-1.1939237868373758,-1.1908507279781428,0.003136232823759555,0.3219739224765211,0.3173543721934694,0.3151854715375968,0.3181712554025291,0.002830929196156674,55,0.34635653862668814,0.34494005731387467,0.3434218702195886,0.34490615538671715,0.0011983131673052746,0.026734899984188043
5.819953918457031,0.15587895263238158,0.5633883476257324,0.033623587546722206,1.5,0.0,100,2,6,0.05,1.0,"{'clf__reg_lambda': 1.5, 'clf__reg_alpha': 0, 'clf__n_estimators': 100, 'clf__min_child_weight': 2, 'clf__max_depth': 6, 'clf__learning_rate': 0.05, 'clf__gamma': 1}",-1.2243227743630527,-1.2545121970358009,-1.244900975303009,-1.2412453155672876,0.012592939725787919,66,-1.192333670859342,-1.1896627691053787,-1.192133851952505,-1.1913767639724087,0.0012147196389938229,0.32200083613486863,0.31474802837392946,0.3147669994193554,0.3171719546427178,0.0034145436321777667,66,0.3462195763739325,0.34321854949221176,0.3444062145404686,0.34461478013553765,0.0012340084526419161,0.027442825492819845
6.966355562210083,0.24331791373741726,0.7409493923187256,0.04156706244453832,1.5,0.1,100,4,9,0.3,0.1,"{'clf__reg_lambda': 1.5, 'clf__reg_alpha': 0.1, 'clf__n_estimators': 100, 'clf__min_child_weight': 4, 'clf__max_depth': 9, 'clf__learning_rate': 0.3, 'clf__gamma': 0.1}",-1.1369181715228507,-1.1550985078466935,-1.1459339356629534,-1.1459835383441659,0.007422174098896614,15,-0.585428176182308,-0.5607317226109005,-0.5628421671131488,-0.5696673553021192,0.01117783819624994,0.3704033071862224,0.36905074992930464,0.36924159850514415,0.36956521854022367,0.0005977180096773004,15,0.6789980100526265,0.6904347990993602,0.6904744996968208,0.6866357696162693,0.005400735900373283,0.3170705510760456
7.133342742919922,0.06721830729136187,0.6592739423116049,0.040223181319897265,1.5,0.1,100,4,9,0.1,0.5,"{'clf__reg_lambda': 1.5, 'clf__reg_alpha': 0.1, 'clf__n_estimators': 100, 'clf__min_child_weight': 4, 'clf__max_depth': 9, 'clf__learning_rate': 0.1, 'clf__gamma': 0.5}",-1.1226565536631836,-1.1366137080336525,-1.1323747356384257,-1.1305483324450873,0.005842508080082965,4,-0.8691876601661082,-0.8594786792166375,-0.861810577625256,-0.8634923056693339,0.004138214967831314,0.378301032513801,0.37914769880467547,0.3767050124654543,0.37805124792797695,0.0010127432686984122,4,0.5234070037924935,0.52550448053366,0.5260618948039766,0.52499112637671,0.0011430254994404848,0.14693987844873302
4.207149902979533,0.07843717906515223,0.45047775904337567,0.016179130466268753,1.0,0.01,100,4,3,0.05,0.5,"{'clf__reg_lambda': 1, 'clf__reg_alpha': 0.01, 'clf__n_estimators': 100, 'clf__min_child_weight': 4, 'clf__max_depth': 3, 'clf__learning_rate': 0.05, 'clf__gamma': 0.5}",-1.344045398547099,-1.3732176882642078,-1.3576621045227764,-1.358308397111361,0.011918302239756479,84,-1.3578711840118802,-1.3440479658707924,-1.351180061850826,-1.3510330705778328,0.0056442622647414654,0.25570145757862794,0.24990754926236147,0.25269969570845896,0.2527695675164828,0.0023658691069024136,84,0.2554520436606511,0.25798655257533,0.2569414498754472,0.25679334870380943,0.0010399949767273039,0.004023781187326658
3.891526540120443,0.054548038425678354,0.5046249230702718,0.07663880185508094,5.0,0.1,100,4,3,0.05,0.0,"{'clf__reg_lambda': 5, 'clf__reg_alpha': 0.1, 'clf__n_estimators': 100, 'clf__min_child_weight': 4, 'clf__max_depth': 3, 'clf__learning_rate': 0.05, 'clf__gamma': 0}",-1.3442894508518528,-1.375074520426944,-1.3581932824266645,-1.3591857512351535,0.012587530150580712,96,-1.3584460694742275,-1.3455067905102538,-1.3522501427046607,-1.3520676675630472,0.005284014125004045,0.2555663075495447,0.2488932921642638,0.2524073185345759,0.25228897274946144,0.002725532104218618,96,0.2551368224517767,0.2571811739523925,0.256352977065482,0.25622365782321704,0.0008395974687640381,0.003934685073755606
5.726074298222859,0.035459141019664936,0.5395425160725912,0.021130229986676012,2.0,0.01,100,2,6,0.05,1.0,"{'clf__reg_lambda': 2, 'clf__reg_alpha': 0.01, 'clf__n_estimators': 100, 'clf__min_child_weight': 2, 'clf__max_depth': 6, 'clf__learning_rate': 0.05, 'clf__gamma': 1}",-1.2249599597498806,-1.2531073246846915,-1.2430857604400047,-1.2403843482915258,0.011648798475674628,63,-1.192603241467261,-1.1900466080624856,-1.1922907903519002,-1.191646879960549,0.001138730004777505,0.3216479788912212,0.31551541154545637,0.315766151281191,0.31764318057262286,0.0028336695623937492,63,0.3460717654124963,0.34300664212353815,0.34431990893042763,0.3444661054888207,0.001255594220384083,0.02682292491619781
4.399195512135823,0.018896668749191096,0.44647709528605145,0.03288347239733434,1.5,0.01,100,1,3,0.05,1.0,"{'clf__reg_lambda': 1.5, 'clf__reg_alpha': 0.01, 'clf__n_estimators': 100, 'clf__min_child_weight': 1, 'clf__max_depth': 3, 'clf__learning_rate': 0.05, 'clf__gamma': 1}",-1.3439971313646004,-1.3733048173985514,-1.3583899276771843,-1.3585639588134455,0.011965445535470104,91,-1.3580470358677483,-1.3441057194228236,-1.352108794099556,-1.3514205164633761,0.005712289128579484,0.2557281867304998,0.2498599567309886,0.25229907874865165,0.2526290740700467,0.0024070318535349376,91,0.25535562056732175,0.2579546683618704,0.2564307093326583,0.25658033275395015,0.0010663185064311643,0.003951258683903447
4.038276354471843,0.0894006823560986,0.45311729113260907,0.05376979326311166,1.0,0.1,100,1,3,0.05,0.1,"{'clf__reg_lambda': 1, 'clf__reg_alpha': 0.1, 'clf__n_estimators': 100, 'clf__min_child_weight': 1, 'clf__max_depth': 3, 'clf__learning_rate': 0.05, 'clf__gamma': 0.1}",-1.3438288774658949,-1.3732522024153995,-1.3585755917788545,-1.358552223886716,0.012012033475223153,88,-1.3578353754965862,-1.3440612827228962,-1.3522053635050406,-1.351367340574841,0.005654385894047804,0.25582136150844903,0.24988869660376722,0.25219688333551327,0.2526356471492432,0.002441790801985284,88,0.2554716781865145,0.25797920069236946,0.2563776026265636,0.2566094938351492,0.0010367408640564383,0.003973846685906002
4.216128349304199,0.18113710663682644,0.6473964850107828,0.1770117157170264,2.0,0.1,100,2,6,0.3,1.0,"{'clf__reg_lambda': 2, 'clf__reg_alpha': 0.1, 'clf__n_estimators': 100, 'clf__min_child_weight': 2, 'clf__max_depth': 6, 'clf__learning_rate': 0.3, 'clf__gamma': 1}",-1.1653571034794292,-1.192515998909783,-1.1818624161578093,-1.1799118395156738,0.011173031882673488,47,-1.014060621938898,-1.0361228585615065,-1.0298010151189572,-1.0266614985397873,0.009276421524889713,0.3546545418348559,0.34861220051952857,0.3494654227416052,0.35091072169866316,0.002670098493711753,47,0.4439702583288564,0.4279838861713392,0.4336784039257342,0.4352108494753099,0.006615754716909783,0.08430012777664675
5.870561599731445,0.2946432558052782,0.5829755465189616,0.07216759653121077,1.5,0.01,100,1,6,0.05,0.0,"{'clf__reg_lambda': 1.5, 'clf__reg_alpha': 0.01, 'clf__n_estimators': 100, 'clf__min_child_weight': 1, 'clf__max_depth': 6, 'clf__learning_rate': 0.05, 'clf__gamma': 0}",-1.2240343322529303,-1.2511221648477087,-1.2447926501807132,-1.239983049093784,0.011569697939941384,59,-1.191439385864345,-1.1874173232797103,-1.1927828491010297,-1.1905465194150284,0.0022796380863414813,0.3221605681218751,0.3165997650459641,0.31482662500408987,0.317862319390643,0.003124335984779067,59,0.3467099307413053,0.3444582009335426,0.34404930956989266,0.3450724804149135,0.0011698235523266646,0.027210161024270485
7.121566375096639,0.2731431725460833,0.737202008565267,0.06308023536175077,2.0,0.01,100,3,9,0.1,1.0,"{'clf__reg_lambda': 2, 'clf__reg_alpha': 0.01, 'clf__n_estimators': 100, 'clf__min_child_weight': 3, 'clf__max_depth': 9, 'clf__learning_rate': 0.1, 'clf__gamma': 1}",-1.1264656440384662,-1.142303522871056,-1.1364141672657306,-1.135061111391751,0.006536190104718655,12,-0.8853229332365311,-0.8739821456654777,-0.8722584590668827,-0.8771878459896305,0.005795257098614208,0.3761916540528212,0.376039752269974,0.37448158111667196,0.3755709958131557,0.0007728246129595543,12,0.5145597105212227,0.5174974990772061,0.5203162596698598,0.5174578230894296,0.0023502688020980594,0.14188682727627389
6.0110994180043535,0.0762523303593192,0.6031743685404459,0.05215650515496474,1.5,0.0,100,1,6,0.05,0.5,"{'clf__reg_lambda': 1.5, 'clf__reg_alpha': 0, 'clf__n_estimators': 100, 'clf__min_child_weight': 1, 'clf__max_depth': 6, 'clf__learning_rate': 0.05, 'clf__gamma': 0.5}",-1.2252891500464347,-1.252344718857309,-1.2426457566957152,-1.240093208533153,0.01119188925104955,60,-1.1927717966878533,-1.1878535247150044,-1.1907773245209556,-1.190467548641271,0.0020197888703943736,0.32146568158328104,0.3159319695893098,0.3160083433044504,0.3178019981590137,0.002590803017216774,60,0.3459793432103758,0.34421738562114834,0.3451522137858325,0.34511631420578553,0.0007197639527163236,0.027314316046771814
5.464077631632487,0.14954675637973047,0.5598394870758057,0.013279533399300348,1.5,0.01,100,2,6,0.1,0.5,"{'clf__reg_lambda': 1.5, 'clf__reg_alpha': 0.01, 'clf__n_estimators': 100, 'clf__min_child_weight': 2, 'clf__max_depth': 6, 'clf__learning_rate': 0.1, 'clf__gamma': 0.5}",-1.188570947508104,-1.214695672559821,-1.2041793614053564,-1.202481993824427,0.010732694824244394,53,-1.119540711794679,-1.1164568772079397,-1.117997608847516,-1.1179983992833782,0.0012589703221770568,0.3417992987804047,0.3364970013731008,0.3371814679057208,0.3384925893530754,0.002354834606529084,53,0.3861334132279993,0.3836335924058204,0.3851761835983427,0.3849810630773875,0.0010298317173283562,0.046488473724312085
5.967211167017619,0.07367061568398386,0.5849641958872477,0.02701843457557836,5.0,0.01,100,3,6,0.05,0.1,"{'clf__reg_lambda': 5, 'clf__reg_alpha': 0.01, 'clf__n_estimators': 100, 'clf__min_child_weight': 3, 'clf__max_depth': 6, 'clf__learning_rate': 0.05, 'clf__gamma': 0.1}",-1.2264995028882,-1.255157189735174,-1.2450746412466134,-1.2422437779566624,0.011869459242936668,70,-1.1988279445893293,-1.193232911435843,-1.1969339574243563,-1.1963316044831762,0.0023235347779426664,0.3207954186167806,0.31439571412782297,0.3146714081731474,0.3166208469725837,0.0029540128764170698,70,0.3426586360649376,0.34124756803493295,0.3417664779775469,0.3418908940258058,0.0005827450907121107,0.02527004705322211
8.418239911397299,0.25820017117133837,0.7227590084075928,0.05762071553425151,1.5,0.1,100,3,9,0.05,1.0,"{'clf__reg_lambda': 1.5, 'clf__reg_alpha': 0.1, 'clf__n_estimators': 100, 'clf__min_child_weight': 3, 'clf__max_depth': 9, 'clf__learning_rate': 0.05, 'clf__gamma': 1}",-1.1501520192945405,-1.1694129375565623,-1.159413853835291,-1.1596596035621314,0.007865156822774435,32,-0.9805251451066389,-0.981579982036209,-0.9778536692277403,-0.9799862654568628,0.0015682570461814436,0.36307473508758437,0.361231781564894,0.3618218237920878,0.36204278014818875,0.0007684337773138528,32,0.46235843169486956,0.4580955703304481,0.4622459654303591,0.4608999891518923,0.001983555034059784,0.09885720900370354
5.877414226531982,0.21586468218303373,0.5750213464101156,0.052089615085681586,1.0,0.1,100,3,6,0.05,0.1,"{'clf__reg_lambda': 1, 'clf__reg_alpha': 0.1, 'clf__n_estimators': 100, 'clf__min_child_weight': 3, 'clf__max_depth': 6, 'clf__learning_rate': 0.05, 'clf__gamma': 0.1}",-1.2242846683136797,-1.251497905553605,-1.243141152728057,-1.2396412421984473,0.011382064855305487,57,-1.1908864659324214,-1.1871777774510572,-1.1906417949595685,-1.1895686794476825,0.0016935712246293328,0.322021938306742,0.31639452426780024,0.3157356616081133,0.31805070806088515,0.002820936871595249,57,0.347013107810073,0.3445904478701465,0.34522674596864567,0.3456101005496217,0.0010255212811696244,0.027559392488736567
8.388225078582764,0.2111743018059628,0.7459282080332438,0.10449958995761295,2.0,0.1,100,3,9,0.05,0.5,"{'clf__reg_lambda': 2, 'clf__reg_alpha': 0.1, 'clf__n_estimators': 100, 'clf__min_child_weight': 3, 'clf__max_depth': 9, 'clf__learning_rate': 0.05, 'clf__gamma': 0.5}",-1.1493210370816105,-1.1654031052422626,-1.1621335810224562,-1.1589525744487765,0.006940092756215437,29,-0.9847309827595357,-0.9764357517554351,-0.9804744510978659,-0.9805470618709456,0.0033869030687954157,0.3635349121400341,0.3634220715483283,0.3603247996446304,0.36242726111099755,0.0014873783228560981,29,0.4600522867040705,0.4609355642457772,0.46080471090656094,0.4605975206188029,0.00038922201498785367,0.09817025950780534
7.944895585378011,0.15367219249757819,0.7740191618601481,0.08062967900008451,2.0,0.0,100,2,9,0.1,0.0,"{'clf__reg_lambda': 2, 'clf__reg_alpha': 0, 'clf__n_estimators': 100, 'clf__min_child_weight': 2, 'clf__max_depth': 9, 'clf__learning_rate': 0.1, 'clf__gamma': 0}",-1.1260524216654724,-1.1410545936388625,-1.1324762638300818,-1.1331944263781388,0.006145627663299448,9,-0.8657471237692691,-0.860682757410232,-0.853938898353272,-0.8601229265109244,0.0048369139504174825,0.3764204862115026,0.37672195465971914,0.37664912812702733,0.37659718966608297,0.000128436778511118,9,0.5252935187823833,0.5248397407073405,0.5303907912642115,0.5268413502513117,0.0025166614476840065,0.15024416058522877
8.112176974614462,0.10716875651402,0.9152780373891195,0.08028828559366548,2.0,0.1,100,1,9,0.1,0.5,"{'clf__reg_lambda': 2, 'clf__reg_alpha': 0.1, 'clf__n_estimators': 100, 'clf__min_child_weight': 1, 'clf__max_depth': 9, 'clf__learning_rate': 0.1, 'clf__gamma': 0.5}",-1.127301081285139,-1.1378371338222153,-1.1339588924662742,-1.1330323691912094,0.004350933600997664,8,-0.8616447416841595,-0.8531337464866674,-0.8572003686498352,-0.8573262856068874,0.0034757398371174975,0.3757290099147176,0.3784794271563554,0.3758330422782089,0.3766804931164273,0.001272747276084939,8,0.527542937014065,0.5290073506158244,0.5285972010105788,0.5283824962134894,0.0006168200232776772,0.1517020030970621
10.446549336115519,0.1935646963769023,0.8599639733632406,0.1531908637251233,5.0,0.1,100,1,9,0.05,0.0,"{'clf__reg_lambda': 5, 'clf__reg_alpha': 0.1, 'clf__n_estimators': 100, 'clf__min_child_weight': 1, 'clf__max_depth': 9, 'clf__learning_rate': 0.05, 'clf__gamma': 0}",-1.1526021891214495,-1.1699761543638543,-1.1639266317177221,-1.1621683250676753,0.007201036905324645,35,-0.9963943555636235,-0.9902896785434548,-0.9977543559995741,-0.9948127967022176,0.0032461617032060784,0.3617178926529281,0.3609241357496028,0.35933784764404153,0.3606599586821908,0.0009894428409602557,35,0.4536570258814272,0.4532871765115736,0.4513019203865726,0.45274870759319114,0.0010341154207087954,0.09208874891100033
4.9923750559488935,0.2364847579423433,0.5253102779388428,0.07781536340272865,2.0,0.01,100,4,3,0.3,0.5,"{'clf__reg_lambda': 2, 'clf__reg_alpha': 0.01, 'clf__n_estimators': 100, 'clf__min_child_weight': 4, 'clf__max_depth': 3, 'clf__learning_rate': 0.3, 'clf__gamma': 0.5}",-1.241438166582776,-1.271343269112647,-1.2585341529483498,-1.2571051962145912,0.012250448354808315,71,-1.2309658202714324,-1.2239239539284805,-1.225624086903167,-1.2268379537010266,0.003000230530054792,0.31252276233179554,0.3055543949022971,0.3072628658290575,0.3084466743543834,0.002965421625626442,71,0.3250367953911403,0.32430385261457995,0.3259888280437482,0.3251098253498228,0.0006898239294071336,0.016663150995439413
5.858138879140218,0.6920323288583272,0.6053354740142822,0.023291528538068748,2.0,0.0,100,3,6,0.1,1.0,"{'clf__reg_lambda': 2, 'clf__reg_alpha': 0, 'clf__n_estimators': 100, 'clf__min_child_weight': 3, 'clf__max_depth': 6, 'clf__learning_rate': 0.1, 'clf__gamma': 1}",-1.1868937050913215,-1.2131506262936858,-1.2059317875086306,-1.2019920396312127,0.011075428893426074,51,-1.1186792446493905,-1.1165851537353966,-1.119164610729162,-1.118143003037983,0.001119245547984583,0.34272811345247467,0.33734095171700684,0.3362168769696826,0.3387619807130547,0.0028417767551794284,51,0.3866057729113257,0.3835627743168988,0.3845344107135501,0.3849009859805916,0.0012690529753129338,0.04613900526753689
4.773777484893799,0.2752245935200783,0.45662665367126465,0.009556399457383402,5.0,0.0,100,2,9,0.3,1.0,"{'clf__reg_lambda': 5, 'clf__reg_alpha': 0, 'clf__n_estimators': 100, 'clf__min_child_weight': 2, 'clf__max_depth': 9, 'clf__learning_rate': 0.3, 'clf__gamma': 1}",-1.139309393924067,-1.161510518528047,-1.156904399075429,-1.1525747705091811,0.009566669433040744,21,-0.8696791290442988,-0.8816036840532486,-0.8900988101154497,-0.8804605410709989,0.008375397529680978,0.3690791083535381,0.36554831848872815,0.3632031073230956,0.36594351138845393,0.00241508869380755,21,0.5231375215668084,0.5132898486678508,0.5105052613002548,0.515644210511638,0.0054191490493802385,0.14970069912318407
4.5868895053863525,0.2810473581068404,0.5510130723317465,0.025889977964753026,5.0,0.1,100,2,3,0.05,1.0,"{'clf__reg_lambda': 5, 'clf__reg_alpha': 0.1, 'clf__n_estimators': 100, 'clf__min_child_weight': 2, 'clf__max_depth': 3, 'clf__learning_rate': 0.05, 'clf__gamma': 1}",-1.3442894508518528,-1.375074520426944,-1.3581932824266645,-1.3591857512351535,0.012587530150580712,96,-1.3584460694742275,-1.3455067905102538,-1.3522501427046607,-1.3520676675630472,0.005284014125004045,0.2555663075495447,0.2488932921642638,0.2524073185345759,0.25228897274946144,0.002725532104218618,96,0.2551368224517767,0.2571811739523925,0.256352977065482,0.25622365782321704,0.0008395974687640381,0.003934685073755606
9.32594895362854,0.48668651839413574,0.8500831127166748,0.14050762736118785,5.0,0.1,100,3,9,0.05,0.1,"{'clf__reg_lambda': 5, 'clf__reg_alpha': 0.1, 'clf__n_estimators': 100, 'clf__min_child_weight': 3, 'clf__max_depth': 9, 'clf__learning_rate': 0.05, 'clf__gamma': 0.1}",-1.1504985136828478,-1.174274707501694,-1.1636639524394836,-1.1628123912080086,0.0097252494578476,36,-0.9986368405120672,-1.0042267054917833,-1.0017365284228696,-1.00153335814224,0.002286570393269106,0.3628828552087847,0.35857613784268405,0.35948243465424434,0.36031380923523776,0.0018538862583430294,36,0.45242742648706313,0.44559291136971924,0.4491119922261859,0.4490441100276561,0.002790591958343665,0.08873030079241834
9.503333330154419,0.5234632703401327,0.8471883138020834,0.10125632769613414,1.5,0.01,100,1,9,0.05,1.0,"{'clf__reg_lambda': 1.5, 'clf__reg_alpha': 0.01, 'clf__n_estimators': 100, 'clf__min_child_weight': 1, 'clf__max_depth': 9, 'clf__learning_rate': 0.05, 'clf__gamma': 1}",-1.148858585856143,-1.167634345822814,-1.163285700802493,-1.1599262108271502,0.008024833134395304,33,-0.9725845287290907,-0.9718480013463581,-0.977001601098771,-0.9738113770580732,0.002275780484253412,0.36379100599923586,0.36220330140754564,0.35969063635809995,0.3618949812549605,0.0016881061944982153,33,0.46671243063496826,0.46346834029499917,0.46271454584121263,0.46429843892372674,0.0017344679311145322,0.10240345766876624
6.201480229695638,0.7592477381266631,0.5970573425292969,0.019623503714693184,2.0,0.1,100,4,6,0.1,1.0,"{'clf__reg_lambda': 2, 'clf__reg_alpha': 0.1, 'clf__n_estimators': 100, 'clf__min_child_weight': 4, 'clf__max_depth': 6, 'clf__learning_rate': 0.1, 'clf__gamma': 1}",-1.1870433954580017,-1.213269627525803,-1.2063827878912101,-1.2022319369583383,0.011101831221882097,52,-1.1219762488408078,-1.118794777316817,-1.124298453128901,-1.121689826428842,0.002255975799173855,0.3426452186917358,0.33727594969540287,0.33596863204775795,0.3386299334782989,0.002888962485841,52,0.38479795950334894,0.3823428993921981,0.381711141189507,0.382950666695018,0.0013314522513531944,0.04432073321671909
6.967234452565511,0.795303854293744,0.6110469500223795,0.04059597791424381,5.0,0.01,100,2,9,0.1,0.5,"{'clf__reg_lambda': 5, 'clf__reg_alpha': 0.01, 'clf__n_estimators': 100, 'clf__min_child_weight': 2, 'clf__max_depth': 9, 'clf__learning_rate': 0.1, 'clf__gamma': 0.5}",-1.1218462877225706,-1.1416858314097322,-1.1343878133717682,-1.1326399775013571,0.008193211462388491,7,-0.8906120996210617,-0.8835137939745034,-0.885110997992442,-0.8864122971960023,0.0030404517729969694,0.3787497374156026,0.3763771537657339,0.3755969506011084,0.37690794726081495,0.0013407267867907428,7,0.5116595546973794,0.512235327338538,0.5132482239512424,0.5123810353290533,0.0006567042020155557,0.13547308806823838
5.50600798924764,0.686033895996539,0.49293891588846844,0.05340888963006612,1.5,0.1,100,2,9,0.3,0.5,"{'clf__reg_lambda': 1.5, 'clf__reg_alpha': 0.1, 'clf__n_estimators': 100, 'clf__min_child_weight': 2, 'clf__max_depth': 9, 'clf__learning_rate': 0.3, 'clf__gamma': 0.5}",-1.1276229148129218,-1.1557898005355085,-1.1529066769367398,-1.14543979742839,0.012653302072883987,14,-0.747420157279928,-0.7600568958821493,-0.7885494538754517,-0.7653421690125097,0.017201847646062536,0.37555078660031915,0.36867314524829764,0.36540358044579924,0.36987583743147195,0.004228971470793915,14,0.5901745635506936,0.5803926259528869,0.5663506068202402,0.5789725987746069,0.009777783881975163,0.20909676134313498
4.185246547063191,0.4567877287708898,0.39989980061848956,0.015722187172763007,2.0,0.1,100,1,3,0.1,1.0,"{'clf__reg_lambda': 2, 'clf__reg_alpha': 0.1, 'clf__n_estimators': 100, 'clf__min_child_weight': 1, 'clf__max_depth': 3, 'clf__learning_rate': 0.1, 'clf__gamma': 1}",-1.3028234638631147,-1.330678596244511,-1.3191247851779597,-1.3175422817618616,0.011426732918694034,79,-1.311381565904392,-1.2967307303881703,-1.3071713829421627,-1.3050945597449084,0.006158822467286829,0.2785291283807041,0.2731436698409869,0.2739118591598979,0.275194885793863,0.0023784321065709016,79,0.2809432320447065,0.28410915081185795,0.28114327616496115,0.28206521967384185,0.0014475831087772686,0.006870333879978874
3.3907825152079263,0.10548789688552473,0.3817952473958333,0.011393546992138626,1.5,0.01,100,2,3,0.1,0.1,"{'clf__reg_lambda': 1.5, 'clf__reg_alpha': 0.01, 'clf__n_estimators': 100, 'clf__min_child_weight': 2, 'clf__max_depth': 3, 'clf__learning_rate': 0.1, 'clf__gamma': 0.1}",-1.3020302562383659,-1.33247758287925,-1.3178244863008748,-1.31744410847283,0.012432978735691234,77,-1.3105224450599426,-1.2987994692539997,-1.3067364594444042,-1.3053527912527823,0.004884870771751001,0.278968386816153,0.27216100969523704,0.2746275849235311,0.2752523271449737,0.002813991583620705,77,0.2814143052043072,0.282967054624345,0.28138245496339376,0.28192127159734864,0.0007395945799904176,0.006668944452374925
4.290907859802246,0.23639205198396773,0.4630312919616699,0.054907349877145156,2.0,0.0,100,2,3,0.05,0.0,"{'clf__reg_lambda': 2, 'clf__reg_alpha': 0, 'clf__n_estimators': 100, 'clf__min_child_weight': 2, 'clf__max_depth': 3, 'clf__learning_rate': 0.05, 'clf__gamma': 0}",-1.3449449915437424,-1.3744244173296372,-1.358580102463957,-1.3593165037791122,0.012046184771930667,100,-1.358913743520351,-1.345382922324794,-1.3523699697235179,-1.3522222118562208,0.005524922614664436,0.2552032855995431,0.24924839786211372,0.2521944005112976,0.25221536132431815,0.0024311179195462733,100,0.25488038740891394,0.2572495583119193,0.25628708022951485,0.256139008650116,0.0009728605882931235,0.003923647325797863
4.018721421559651,0.4473978363732869,0.4779661496480306,0.06558296395186414,2.0,0.1,100,3,3,0.3,0.0,"{'clf__reg_lambda': 2, 'clf__reg_alpha': 0.1, 'clf__n_estimators': 100, 'clf__min_child_weight': 3, 'clf__max_depth': 3, 'clf__learning_rate': 0.3, 'clf__gamma': 0}",-1.2409486563205008,-1.2708073583463662,-1.25958303925731,-1.2571130179747256,0.012314253950055034,72,-1.2287243540496557,-1.2212444045662076,-1.2289499631257512,-1.2263062405805383,0.003580443430711209,0.3127938408051162,0.3058471253437207,0.30668552552086004,0.308442163889899,0.0030960779162334364,72,0.3262658361972768,0.3257831611737477,0.3241598188438478,0.3254029387382908,0.000900834464465994,0.016960774848391813
6.5907347202301025,0.3252360418579213,0.6078903675079346,0.04436451010944802,2.0,0.1,100,1,9,0.3,0.1,"{'clf__reg_lambda': 2, 'clf__reg_alpha': 0.1, 'clf__n_estimators': 100, 'clf__min_child_weight': 1, 'clf__max_depth': 9, 'clf__learning_rate': 0.3, 'clf__gamma': 0.1}",-1.128184837385758,-1.1481580506954154,-1.14707554627362,-1.1411394781182647,0.009170968372607094,13,-0.5548658485684925,-0.5444420559066745,-0.5435195105197249,-0.5476091383316306,0.005145072405974316,0.3752396080103937,0.3728418345900495,0.36861321979891704,0.37223155413312004,0.002739414397200209,13,0.6957559461762941,0.6994278946253598,0.7011006668511799,0.6987615025509446,0.0022322736646403734,0.32652994841782457
5.18193244934082,0.16335458928562796,0.505319356918335,0.03176391040116444,2.0,0.1,100,4,6,0.05,1.0,"{'clf__reg_lambda': 2, 'clf__reg_alpha': 0.1, 'clf__n_estimators': 100, 'clf__min_child_weight': 4, 'clf__max_depth': 6, 'clf__learning_rate': 0.05, 'clf__gamma': 1}",-1.2267489023895721,-1.252922007910134,-1.244433787780456,-1.2413682326933875,0.010902785091938844,68,-1.1958055506982195,-1.1897267924632708,-1.1944528196534343,-1.193328387604975,0.0026059017624667485,0.32065730744467835,0.31561663709387355,0.3150241542567791,0.3170993662651103,0.0025274450941629133,68,0.34431587514724127,0.34318320388423373,0.3431309375982692,0.3435433388765814,0.0005466822101098781,0.026443972611471078
3.8038786252339682,0.16287592927981984,0.3981882731119792,0.01649021251937347,1.0,0.1,100,2,3,0.05,0.5,"{'clf__reg_lambda': 1, 'clf__reg_alpha': 0.1, 'clf__n_estimators': 100, 'clf__min_child_weight': 2, 'clf__max_depth': 3, 'clf__learning_rate': 0.05, 'clf__gamma': 0.5}",-1.3438288774658949,-1.3732310243447379,-1.3585755917788545,-1.3585451645298292,0.0120033954816787,87,-1.3578353754965862,-1.3440626000800144,-1.3522053635050406,-1.3513677796938806,0.005653818511965693,0.25582136150844903,0.2499002646974935,0.25219688333551327,0.2526395031804853,0.0024374551081745403,87,0.2554716781865145,0.2579784734142354,0.2563776026265636,0.2566092514091045,0.0010364205862070292,0.00396974822861923
6.269211848576863,0.26264835259637404,0.6708416938781738,0.08673214387370354,1.5,0.0,100,2,9,0.3,0.1,"{'clf__reg_lambda': 1.5, 'clf__reg_alpha': 0, 'clf__n_estimators': 100, 'clf__min_child_weight': 2, 'clf__max_depth': 9, 'clf__learning_rate': 0.3, 'clf__gamma': 0.1}",-1.135966135914984,-1.1564265696436529,-1.156931625634153,-1.1497747770642632,0.0097663605701941,17,-0.5390096771496341,-0.5353905521771276,-0.5251615096039607,-0.5331872463102408,0.005864233604405269,0.3709305205646055,0.3683253229729483,0.363188120961208,0.3674813214995873,0.0032166692680420383,17,0.7044502024240753,0.704424991200248,0.7111963379825076,0.7066905105356103,0.003186117766955196,0.339209189036023
7.35948371887207,0.1422834602034503,0.700242837270101,0.05363716453816411,1.0,0.0,100,1,9,0.1,0.1,"{'clf__reg_lambda': 1, 'clf__reg_alpha': 0, 'clf__n_estimators': 100, 'clf__min_child_weight': 1, 'clf__max_depth': 9, 'clf__learning_rate': 0.1, 'clf__gamma': 0.1}",-1.1228923044609036,-1.137418492617489,-1.1292824571080424,-1.129864418062145,0.005944551819619145,1,-0.8472236383769685,-0.8242352522829672,-0.8270128711360857,-0.8328239205986737,0.010245086487163864,0.3781704796505514,0.37870810146627465,0.3784071006941907,0.3784285606036722,0.00022000712105385662,1,0.5354503166845018,0.5449614473846676,0.5451983030899934,0.5418700223863876,0.0045404471975349775,0.1634414617827154
4.193214178085327,0.10401399207353233,0.5006263256072998,0.02752601257380962,2.0,0.01,100,1,6,0.3,1.0,"{'clf__reg_lambda': 2, 'clf__reg_alpha': 0.01, 'clf__n_estimators': 100, 'clf__min_child_weight': 1, 'clf__max_depth': 6, 'clf__learning_rate': 0.3, 'clf__gamma': 1}",-1.1621580818073396,-1.1877673713085097,-1.181147445232962,-1.1770242994496039,0.010853852635563845,44,-1.0232378045710164,-1.013952331609752,-1.0297538025814545,-1.0223146462540744,0.006483866499550688,0.3564260795896703,0.3512060425196136,0.34985896542642947,0.3524970291785712,0.002832164310612922,44,0.4389382253538957,0.44022364959677207,0.433704367659699,0.4376220808701223,0.0028195078140681776,0.0851250516915511
4.617323239644368,0.1424969281817376,0.49306535720825195,0.05337265857459703,2.0,0.1,100,3,9,0.3,0.5,"{'clf__reg_lambda': 2, 'clf__reg_alpha': 0.1, 'clf__n_estimators': 100, 'clf__min_child_weight': 3, 'clf__max_depth': 9, 'clf__learning_rate': 0.3, 'clf__gamma': 0.5}",-1.1358578825913337,-1.1541692732301003,-1.1481312256305731,-1.1460527938173357,0.0076186904335362685,16,-0.8038847854560003,-0.8009453270360225,-0.7921680512733921,-0.798999387921805,0.004977313482435832,0.3709904685329497,0.3695583255867022,0.3680321403815442,0.36952697816706537,0.0012079358035889162,16,0.559213877434839,0.5578192010970151,0.5643606205764269,0.560464566369427,0.002813148806318009,0.19093758820236162
3.976526975631714,0.0275901589498839,0.46097787221272785,0.029387287740766502,2.0,0.01,100,2,3,0.05,0.0,"{'clf__reg_lambda': 2, 'clf__reg_alpha': 0.01, 'clf__n_estimators': 100, 'clf__min_child_weight': 2, 'clf__max_depth': 3, 'clf__learning_rate': 0.05, 'clf__gamma': 0}",-1.344946290982728,-1.3741171089432793,-1.3585814233374522,-1.3592149410878198,0.011917358870625864,98,-1.358915423029479,-1.344942185763923,-1.3523716726922126,-1.3520764271618715,0.005708369140263631,0.25520256600291036,0.24941625886669105,0.2521936734606113,0.25227083277673756,0.0023628799854858505,98,0.25487946650043336,0.2574928773475804,0.25628614371077474,0.2562194958529295,0.0010679608347103975,0.0039486630761919606
3.8033610184987388,0.0440541238633581,0.4121387799580892,0.01241776203089853,1.5,0.1,100,3,3,0.05,0.1,"{'clf__reg_lambda': 1.5, 'clf__reg_alpha': 0.1, 'clf__n_estimators': 100, 'clf__min_child_weight': 3, 'clf__max_depth': 3, 'clf__learning_rate': 0.05, 'clf__gamma': 0.1}",-1.3440847245868808,-1.3732975002744732,-1.3583970423881089,-1.3585930890831543,0.011926871385611456,92,-1.3581335416221414,-1.3441213032582642,-1.3521257801352917,-1.3514602083385656,0.00573979937825797,0.2556796798067459,0.24986395356235702,0.2522951625859915,0.2526129319850315,0.0023848691062114944,92,0.2553081877302432,0.2579460649371764,0.2564213681505002,0.25655854027263997,0.0010812681391260512,0.003945608287608482
3.5117456912994385,0.036151575622493125,0.42786240577697754,0.012699925690580585,5.0,0.01,100,4,3,0.3,0.5,"{'clf__reg_lambda': 5, 'clf__reg_alpha': 0.01, 'clf__n_estimators': 100, 'clf__min_child_weight': 4, 'clf__max_depth': 3, 'clf__learning_rate': 0.3, 'clf__gamma': 0.5}",-1.2430317046308077,-1.2704110230154768,-1.2614068144718116,-1.258283180706032,0.011393699566845664,73,-1.233741144952573,-1.2217598487257486,-1.2314632812707182,-1.22898809164968,0.005195048127066198,0.3116403010341896,0.30606361552018824,0.3056816617699192,0.3077951927747657,0.0027233698869664827,73,0.323515029303273,0.32549859804245496,0.32277766217241,0.3239304298393793,0.0011489970137101844,0.016135237064613617
3.97076153755188,0.43158383062473427,0.621603806813558,0.019112222789095606,1.5,0.01,100,2,3,0.1,0.5,"{'clf__reg_lambda': 1.5, 'clf__reg_alpha': 0.01, 'clf__n_estimators': 100, 'clf__min_child_weight': 2, 'clf__max_depth': 3, 'clf__learning_rate': 0.1, 'clf__gamma': 0.5}",-1.3020301699480843,-1.3324830377145072,-1.3178244863008748,-1.317445897987822,0.012435213056287489,78,-1.3105228669357551,-1.2988021756236015,-1.3067364594444042,-1.3053538340012536,0.004883809376960729,0.2789684346015411,0.27215803010155626,0.2746275849235311,0.27525134987554284,0.0028151038346595084,78,0.28141407388135276,0.28296556050903876,0.28138245496339376,0.2819206964512618,0.0007389432154182044,0.006669346575718937
9.0003129641215,1.031554861619064,0.6814566453297933,0.08877559004469965,2.0,0.1,100,1,9,0.05,0.1,"{'clf__reg_lambda': 2, 'clf__reg_alpha': 0.1, 'clf__n_estimators': 100, 'clf__min_child_weight': 1, 'clf__max_depth': 9, 'clf__learning_rate': 0.05, 'clf__gamma': 0.1}",-1.1494504471353149,-1.1669716972352737,-1.160907473257021,-1.1591098725425366,0.0072650798349760525,30,-0.9764950376625746,-0.9771989100247921,-0.9754910975437945,-0.9763950150770538,0.0007007896763763537,0.36346324810662345,0.3625652598262682,0.3609996882661448,0.3623427320663455,0.0010179786261203926,30,0.4645682202938446,0.4605142446851993,0.46354522164320855,0.4628758955407508,0.0017213710877178072,0.10053316347440533
5.633929173151652,0.1393219475168483,0.4698038101196289,0.04480281448688377,5.0,0.0,100,2,6,0.3,1.0,"{'clf__reg_lambda': 5, 'clf__reg_alpha': 0, 'clf__n_estimators': 100, 'clf__min_child_weight': 2, 'clf__max_depth': 6, 'clf__learning_rate': 0.3, 'clf__gamma': 1}",-1.1648298528238932,-1.188890728776202,-1.1781890788302316,-1.1773032201434424,0.009842763741545326,46,-1.0435631782008474,-1.0281632398504374,-1.0348833286159913,-1.0355365822224254,0.006303944823407345,0.35494651998889026,0.3505924311721944,0.3514873441707441,0.35234209844394293,0.0018774940757265962,46,0.42779341605526056,0.43237818181402465,0.430883471847465,0.4303516899055834,0.0019091207908297225,0.07800959146164049
4.3200117746988935,0.37449581026387346,0.427627960840861,0.017599882093280228,5.0,0.01,100,3,3,0.05,0.5,"{'clf__reg_lambda': 5, 'clf__reg_alpha': 0.01, 'clf__n_estimators': 100, 'clf__min_child_weight': 3, 'clf__max_depth': 3, 'clf__learning_rate': 0.05, 'clf__gamma': 0.5}",-1.3444239666382702,-1.3751443192127049,-1.3578092822769794,-1.3591258560426516,0.012576036483056044,93,-1.3584331763694144,-1.345675362024062,-1.3515510512539048,-1.3518865298824603,0.005213755278126185,0.2554918160897538,0.2488551659860786,0.2526186844022329,0.25232188882602175,0.002717516864123924,93,0.25514389199928056,0.2570881100638449,0.25673743054764153,0.256323144203589,0.0008460578592491562,0.004001255377567237
4.461874961853027,0.13863917414389737,0.5218931833902994,0.04137894708115154,5.0,0.1,100,1,9,0.3,1.0,"{'clf__reg_lambda': 5, 'clf__reg_alpha': 0.1, 'clf__n_estimators': 100, 'clf__min_child_weight': 1, 'clf__max_depth': 9, 'clf__learning_rate': 0.3, 'clf__gamma': 1}",-1.1357505630624964,-1.1619921692815691,-1.1551106669708162,-1.1509511331049607,0.011109508411720065,18,-0.8690842801125258,-0.8887840377470939,-0.8680315975550816,-0.8752999718049005,0.009544354732571956,0.37104989938920896,0.36528522648430917,0.3641904343930118,0.3668418534221766,0.0030089179202591014,18,0.5234636891456605,0.5093257646966015,0.5226407504429356,0.5184767347617326,0.0064794288265146655,0.151634881339556
3.9219791094462075,0.1999653453953471,0.44559796651204425,0.02834509937979434,5.0,0.0,100,4,3,0.1,0.1,"{'clf__reg_lambda': 5, 'clf__reg_alpha': 0, 'clf__n_estimators': 100, 'clf__min_child_weight': 4, 'clf__max_depth': 3, 'clf__learning_rate': 0.1, 'clf__gamma': 0.1}",-1.3038917129440069,-1.3334576904331863,-1.3195010229432063,-1.3189501421068,0.012076543614092189,83,-1.3128828691288565,-1.300497917528943,-1.307983654327807,-1.3071214803285356,0.005092757245135138,0.2779375589034302,0.27162564572242975,0.2737047659549553,0.27442265686027173,0.0026263520346764668,83,0.2801200374289122,0.28202938610970485,0.280696581297885,0.280948668278834,0.0007996098968389225,0.006526011418562294
7.6698118050893145,0.2279878265705181,0.6069971720377604,0.02577464810779577,1.0,0.01,100,3,9,0.05,0.5,"{'clf__reg_lambda': 1, 'clf__reg_alpha': 0.01, 'clf__n_estimators': 100, 'clf__min_child_weight': 3, 'clf__max_depth': 9, 'clf__learning_rate': 0.05, 'clf__gamma': 0.5}",-1.1478490669558623,-1.1683601756860225,-1.157078321250336,-1.157762521297407,0.008387589745706529,22,-0.9728455333749265,-0.9703758261301154,-0.9656075071144258,-0.9696096222064893,0.0030041701434683197,0.36435005217940053,0.3618068314919849,0.3631073750390479,0.3630880862368111,0.001038355080449687,22,0.4665693165620428,0.4642810894194024,0.46898053450921684,0.4666103134968873,0.0019187594255221767,0.1035222272600762
4.821341594060262,0.18659461902155058,0.4785049756368001,0.017084439739349522,1.5,0.01,100,4,6,0.1,0.0,"{'clf__reg_lambda': 1.5, 'clf__reg_alpha': 0.01, 'clf__n_estimators': 100, 'clf__min_child_weight': 4, 'clf__max_depth': 6, 'clf__learning_rate': 0.1, 'clf__gamma': 0}",-1.1887327007689938,-1.2134189161112419,-1.2037110991882662,-1.2019542386895006,0.010154382505107588,50,-1.1232175339852595,-1.1204201254124238,-1.1179740003922645,-1.1205372199299826,0.0021422642973807776,0.34170972389220355,0.3371944038182444,0.3374392142891206,0.3387811139998562,0.0020732502611163976,50,0.38411733800668724,0.38144558755935376,0.38518916666775393,0.38358403074459835,0.0015741470943678572,0.04480291674474213
3.5126147270202637,0.6088564784000263,0.33565886815388996,0.1262457701535346,1.0,0.01,100,1,3,0.1,0.0,"{'clf__reg_lambda': 1, 'clf__reg_alpha': 0.01, 'clf__n_estimators': 100, 'clf__min_child_weight': 1, 'clf__max_depth': 3, 'clf__learning_rate': 0.1, 'clf__gamma': 0}",-1.3025609345287017,-1.3321063802954707,-1.3171682982091486,-1.3172785376777736,0.012062129605908566,76,-1.3114492947327065,-1.2983563884724907,-1.305157912922988,-1.3049878653760618,0.005346508874076096,0.2786745105241628,0.27236377161577374,0.27498877167168156,0.27534235127053935,0.002588451312015256,76,0.28090609497213237,0.28321166784241725,0.2822505498403274,0.282122770884959,0.0009455728990492795,0.006780419614419664
