mean_fit_time,std_fit_time,mean_score_time,std_score_time,param_clf__n_estimators,param_clf__min_samples_split,param_clf__min_samples_leaf,param_clf__max_features,param_clf__max_depth,params,split0_test_neg_mean_squared_error,split1_test_neg_mean_squared_error,split2_test_neg_mean_squared_error,mean_test_neg_mean_squared_error,std_test_neg_mean_squared_error,rank_test_neg_mean_squared_error,split0_train_neg_mean_squared_error,split1_train_neg_mean_squared_error,split2_train_neg_mean_squared_error,mean_train_neg_mean_squared_error,std_train_neg_mean_squared_error,split0_test_r2,split1_test_r2,split2_test_r2,mean_test_r2,std_test_r2,rank_test_r2,split0_train_r2,split1_train_r2,split2_train_r2,mean_train_r2,std_train_r2,overfitting_gap
162.35311905543008,3.8839042294327975,1.5437644322713215,0.1333084818873697,100,5,10,,,"{'clf__n_estimators': 100, 'clf__min_samples_split': 5, 'clf__min_samples_leaf': 10, 'clf__max_features': None, 'clf__max_depth': None}",-1.1081679703467564,-1.1236611419869842,-1.1146875737324504,-1.1155055620220637,0.0063514523535880075,24,-0.7732560171147742,-0.7623047509864845,-0.7631480630386501,-0.7662362770466363,0.004975631067010338,0.38632444560373413,0.38622277662541593,0.3864405876357101,0.3863292699549534,8.898638407028505e-05,24,0.5760082443395657,0.5791516444123224,0.5803196707364784,0.5784931864961221,0.0018206728636329364,0.1921639165411687
17.638015111287434,0.08359572358625585,0.9702425797780355,0.053985920130688425,100,10,10,log2,15,"{'clf__n_estimators': 100, 'clf__min_samples_split': 10, 'clf__min_samples_leaf': 10, 'clf__max_features': 'log2', 'clf__max_depth': 15}",-1.2613679892947103,-1.286685639904568,-1.2764449155431723,-1.2748328482474836,0.010398555310717612,75,-1.210933578131372,-1.1995014924384535,-1.2056211648926147,-1.20535207848748,0.004671006418509025,0.30148612769784333,0.29717393446562423,0.29740421374425974,0.29868809196924245,0.0019807423003237257,75,0.3360208748251041,0.3377868497285039,0.3369890956224866,0.3369322733920315,0.000722074979608489,0.03824418142278907
20.31677023569743,0.6502651891836291,0.9582475026448568,0.052857587419367205,100,5,10,sqrt,15,"{'clf__n_estimators': 100, 'clf__min_samples_split': 5, 'clf__min_samples_leaf': 10, 'clf__max_features': 'sqrt', 'clf__max_depth': 15}",-1.2308702988428089,-1.2567360842795041,-1.2435441626056998,-1.2437168485760042,0.010560368661416585,69,-1.162084275026029,-1.1527936289475718,-1.1560014343319076,-1.1569597794351696,0.003852950829472348,0.3183749817314244,0.31353327484501003,0.3155138321829627,0.31580736291979905,0.0019874861196310105,69,0.3628059257370957,0.3635730297538988,0.3642766245677447,0.36355186001957973,0.0006005968591639652,0.04774449709978068
23.249624729156494,0.2509123192581473,1.1550931135813396,0.07139582869423654,100,10,10,sqrt,,"{'clf__n_estimators': 100, 'clf__min_samples_split': 10, 'clf__min_samples_leaf': 10, 'clf__max_features': 'sqrt', 'clf__max_depth': None}",-1.1824025115900945,-1.2041675384254866,-1.1940111526965118,-1.1935270675706977,0.008892125808568355,55,-1.0478546939282336,-1.0391580056576664,-1.0408777322531175,-1.0426301439463392,0.003760434972691361,0.3452152234714584,0.3422477821866655,0.34277837264137323,0.3434137927664991,0.0012920902951508383,55,0.4254402920608451,0.42630826147828493,0.4275869512716929,0.42644516827027434,0.0008817006461564373,0.08303137550377526
194.71950912475586,0.6590112700495945,2.2558646202087402,0.1905991834810331,100,10,1,,25,"{'clf__n_estimators': 100, 'clf__min_samples_split': 10, 'clf__min_samples_leaf': 1, 'clf__max_features': None, 'clf__max_depth': 25}",-1.0803548348129033,-1.0926223442197143,-1.0869079911775117,-1.086628390070043,0.005012090671301564,13,-0.45851262264724085,-0.44392503861900773,-0.44738607985512124,-0.4499412470404566,0.006223400006103391,0.4017266606333699,0.40317709354412,0.4017313513885179,0.40221170185533595,0.0006826376956951517,13,0.7485883490515169,0.7549206898353464,0.7539676159906544,0.7524922182925059,0.0027877390751185186,0.35028051643716995
26.97389801343282,1.1945882102730008,1.5834176540374756,0.05314445401302219,100,10,1,sqrt,25,"{'clf__n_estimators': 100, 'clf__min_samples_split': 10, 'clf__min_samples_leaf': 1, 'clf__max_features': 'sqrt', 'clf__max_depth': 25}",-1.1061008972042277,-1.1276152898171408,-1.1206671045344938,-1.1181277638519542,0.008964874444264626,30,-0.6824328951627144,-0.6744145335835859,-0.6779144849889641,-0.6782539712450881,0.0032822724640086225,0.38746913872847955,0.38406290316773406,0.38314926413702666,0.3848937686777467,0.0018588674407223618,30,0.6258083804894274,0.6276735162993692,0.6271924308634849,0.6268914425507605,0.0007906235390202074,0.24199767387301374
9.334570248921713,0.37528330147189887,0.6446484724680582,0.03686077770927784,100,10,5,sqrt,5,"{'clf__n_estimators': 100, 'clf__min_samples_split': 10, 'clf__min_samples_leaf': 5, 'clf__max_features': 'sqrt', 'clf__max_depth': 5}",-1.4441898984100419,-1.473685680205434,-1.4595310657759133,-1.4591355481304629,0.012044849842325194,87,-1.4613360122744363,-1.445993824346778,-1.4575296036567595,-1.4549531467593246,0.006522999320872308,0.20024395193180988,0.19502893610442773,0.19662778688171056,0.1973002249726494,0.0021814715613656574,88,0.1987202068392182,0.20170493181529703,0.1984563237461573,0.1996271541335575,0.0014731550365914168,0.0023269291609080978
26.27599581082662,1.3712311845557783,1.625159740447998,0.12691687007299227,100,5,5,sqrt,,"{'clf__n_estimators': 100, 'clf__min_samples_split': 5, 'clf__min_samples_leaf': 5, 'clf__max_features': 'sqrt', 'clf__max_depth': None}",-1.1427172458663435,-1.161992985393184,-1.1514148992902402,-1.1520417101832559,0.007881759638488244,44,-0.8923894566349984,-0.8844250405390525,-0.8845556184362686,-0.8871233718701065,0.003724065807696394,0.36719192564663994,0.36528478069980863,0.3662247022002112,0.36623380284888657,0.0007786152573257999,44,0.5106849942619027,0.5117322521343901,0.513553645515274,0.5119902973038556,0.0011852511647974541,0.14575649445496902
27.144259691238403,1.6962407652258493,1.5114671389261882,0.09027978025946302,100,2,5,sqrt,25,"{'clf__n_estimators': 100, 'clf__min_samples_split': 2, 'clf__min_samples_leaf': 5, 'clf__max_features': 'sqrt', 'clf__max_depth': 25}",-1.149328918558646,-1.1702781344999706,-1.1658376673972084,-1.1618149068186083,0.00901311504211566,48,-0.922120657544041,-0.914899433090501,-0.9202863830261413,-0.9191021578868944,0.0030646710032692687,0.3635305475762507,0.3607591851941959,0.35828595296418364,0.3608585619115434,0.002142249590219554,48,0.49438278155057636,0.49490814343480016,0.49390411775757115,0.49439834758098256,0.0004100395233882951,0.13353978566943914
20.660446405410767,1.4026272863305784,1.4384122689565022,0.12037914267695726,100,5,10,log2,,"{'clf__n_estimators': 100, 'clf__min_samples_split': 5, 'clf__min_samples_leaf': 10, 'clf__max_features': 'log2', 'clf__max_depth': None}",-1.2139697581695308,-1.2387351374410622,-1.2279432494382077,-1.226882715016267,0.010138196833782975,61,-1.1128769434457058,-1.1057004087404476,-1.1089075487137567,-1.1091616336333034,0.002935311676091587,0.32773407615104133,0.3233659287971391,0.3241010698457468,0.32506702493130907,0.0019096212097068639,61,0.3897872908300616,0.38957195506277165,0.39017510794176746,0.3898447846115336,0.0002495696296175964,0.06477775968022453
41.11363101005554,1.4864116956624027,2.666190226872762,0.12430378371662312,100,2,1,sqrt,25,"{'clf__n_estimators': 100, 'clf__min_samples_split': 2, 'clf__min_samples_leaf': 1, 'clf__max_features': 'sqrt', 'clf__max_depth': 25}",-1.0835398373320988,-1.1038862572858628,-1.095735408161609,-1.0943871675931902,0.008360921628085383,21,-0.3991764566758124,-0.39777925901170236,-0.4024490718351093,-0.3998015958408747,0.0019570193634172463,0.3999628863328826,0.39702440833704045,0.3968724609647898,0.3979532518782376,0.0014223794575652943,21,0.7811235568320607,0.78039655816742,0.7786799611243942,0.7800666920412916,0.0010244994685232897,0.38211344016305404
22.84105642636617,0.8372493136680315,1.4719328880310059,0.10863069318775748,100,2,5,log2,25,"{'clf__n_estimators': 100, 'clf__min_samples_split': 2, 'clf__min_samples_leaf': 5, 'clf__max_features': 'log2', 'clf__max_depth': 25}",-1.1824231130458744,-1.20290232114445,-1.1944021486418257,-1.1932425276107168,0.008400715516670152,52,-1.0064300341740584,-0.9964915705222328,-1.0004649045782046,-1.0011288364248319,0.004084431340459295,0.3452038149033213,0.3429388815943989,0.34256315606580834,0.3435686175211761,0.001166389093781707,52,0.448154262373477,0.4498632754570103,0.44981130018446525,0.44927627933831754,0.0007936694985032049,0.10570766181714142
77.10644793510437,2.2230720393959165,0.9264723459879557,0.2300474750268203,100,5,5,,5,"{'clf__n_estimators': 100, 'clf__min_samples_split': 5, 'clf__min_samples_leaf': 5, 'clf__max_features': None, 'clf__max_depth': 5}",-1.376877518876712,-1.4020640487653622,-1.390384151223597,-1.3897752396218905,0.010291368615235698,80,-1.3890619653997271,-1.3752065939891,-1.3820482619122947,-1.382105607100374,0.005656577032361092,0.2375198549836932,0.23415080695697887,0.23468844285319812,0.23545303493129008,0.0014778524815843806,80,0.23834951375031332,0.24078469545849002,0.23996600697910164,0.239700072062635,0.001011786710990902,0.004247037131344916
10.470751206080118,0.6045493416116726,0.7841044267018636,0.09334598484887321,100,2,1,log2,5,"{'clf__n_estimators': 100, 'clf__min_samples_split': 2, 'clf__min_samples_leaf': 1, 'clf__max_features': 'log2', 'clf__max_depth': 5}",-1.4633772485491212,-1.495371546739499,-1.48463334266029,-1.4811273793163036,0.013294801324847151,97,-1.4805007803739176,-1.4697088638653324,-1.4821636610571287,-1.4774577684321262,0.005521197607440383,0.1896184799374241,0.18318346913009276,0.18281069712748255,0.18520421539833312,0.003125064085453762,97,0.1882117807895336,0.1886124837213229,0.18490924183426904,0.18724450211504184,0.0016593615527470042,0.0020402867167087224
11.636431137720743,1.1202724476547397,0.8380879561106364,0.05036869479969931,100,2,1,sqrt,5,"{'clf__n_estimators': 100, 'clf__min_samples_split': 2, 'clf__min_samples_leaf': 1, 'clf__max_features': 'sqrt', 'clf__max_depth': 5}",-1.443916380924152,-1.4742346226861913,-1.4592606285119392,-1.4591372107074274,0.012377678022720833,88,-1.4611235023986464,-1.4465608764216358,-1.4568431359733158,-1.4548425049311995,0.00611115986053855,0.20039541903723246,0.1947290873519507,0.1967766441334423,0.19730038350754184,0.0023427271701862875,87,0.19883673025880633,0.20139187731455088,0.19883383500166552,0.1996874808583409,0.0012051908716283121,0.002387097350799061
108.96117782592773,0.8744187882410869,1.683966080347697,0.13166767918111114,100,2,10,0.5,,"{'clf__n_estimators': 100, 'clf__min_samples_split': 2, 'clf__min_samples_leaf': 10, 'clf__max_features': 0.5, 'clf__max_depth': None}",-1.1077643899941656,-1.124921579757972,-1.118321845458043,-1.11700260507006,0.007066238346238584,27,-0.8196409023789676,-0.8110461956010958,-0.8132567666615869,-0.8146479548805501,0.0036440636332566337,0.38654793825398837,0.38553428792859645,0.3844401691535516,0.38550746511204553,0.0008607021330691912,27,0.550574483070361,0.5522427778619279,0.5527632393518426,0.5518601667613772,0.00093361553672793,0.16635270164933164
29.538922548294067,2.2536706072665775,1.7082839012145996,0.24890571406873166,100,2,10,sqrt,,"{'clf__n_estimators': 100, 'clf__min_samples_split': 2, 'clf__min_samples_leaf': 10, 'clf__max_features': 'sqrt', 'clf__max_depth': None}",-1.1824025115900945,-1.2041675384254866,-1.1940111526965118,-1.1935270675706977,0.008892125808568355,55,-1.0478546939282336,-1.0391580056576664,-1.0408777322531175,-1.0426301439463392,0.003760434972691361,0.3452152234714584,0.3422477821866655,0.34277837264137323,0.3434137927664991,0.0012920902951508383,55,0.4254402920608451,0.42630826147828493,0.4275869512716929,0.42644516827027434,0.0008817006461564373,0.08303137550377526
196.6799438794454,2.940956019941645,1.6043241024017334,0.06225380974771332,100,10,10,,,"{'clf__n_estimators': 100, 'clf__min_samples_split': 10, 'clf__min_samples_leaf': 10, 'clf__max_features': None, 'clf__max_depth': None}",-1.1081679703467564,-1.1236611419869842,-1.1146875737324504,-1.1155055620220637,0.0063514523535880075,24,-0.7732560171147742,-0.7623047509864845,-0.7631480630386501,-0.7662362770466363,0.004975631067010338,0.38632444560373413,0.38622277662541593,0.3864405876357101,0.3863292699549534,8.898638407028505e-05,24,0.5760082443395657,0.5791516444123224,0.5803196707364784,0.5784931864961221,0.0018206728636329364,0.1921639165411687
37.10060962041219,3.637218057556125,2.2819647789001465,0.3461666335473742,100,5,1,sqrt,25,"{'clf__n_estimators': 100, 'clf__min_samples_split': 5, 'clf__min_samples_leaf': 1, 'clf__max_features': 'sqrt', 'clf__max_depth': 25}",-1.090867021369589,-1.1124479193459424,-1.1029738136567147,-1.1020962514574153,0.008832190212575556,23,-0.545982277878833,-0.5406645292493687,-0.5389955792749713,-0.5418807954677244,0.002979146072365437,0.39590527607280324,0.39234777321071146,0.3928882128878507,0.3937137540571218,0.0015652678833709623,23,0.7006269858447551,0.7015133675019994,0.7035885260836386,0.7019096264767978,0.0012410871653413917,0.308195872419676
9.862383921941122,0.06263589271005475,0.8146514097849528,0.0453349870025356,100,2,10,log2,5,"{'clf__n_estimators': 100, 'clf__min_samples_split': 2, 'clf__min_samples_leaf': 10, 'clf__max_features': 'log2', 'clf__max_depth': 5}",-1.468179424413481,-1.4958348593839783,-1.4807506201136456,-1.4815883013037014,0.01130581128399558,98,-1.4855581408220881,-1.4697226889485828,-1.4784855090162259,-1.4779221129289655,0.0064770592798934585,0.18695915570614596,0.18293039394767607,0.18494787082550446,0.18494580682644216,0.0016447357481160808,98,0.1854387288016186,0.18860485125734539,0.18693197914354165,0.18699185306750188,0.0012932572613990729,0.0020460462410597235
19.037317276000977,0.30138023692777194,1.2159829139709473,0.11227721424490926,100,10,5,log2,15,"{'clf__n_estimators': 100, 'clf__min_samples_split': 10, 'clf__min_samples_leaf': 5, 'clf__max_features': 'log2', 'clf__max_depth': 15}",-1.246860620214053,-1.2711128097049693,-1.2598023548029655,-1.2592585949073294,0.009908377932971797,72,-1.1654087225408878,-1.1561345701853363,-1.1590761458280212,-1.1602064795180818,0.0038696008550977486,0.3095199438715933,0.3056802787030797,0.3065648072851088,0.3072550099532606,0.0016417555530421496,72,0.36098306460542895,0.3617285841772332,0.36258573914776293,0.36176579597680836,0.0006548180208689414,0.05451078602354775
189.01072716712952,9.331232075581779,1.605784257253011,0.04094128267721986,100,10,10,,25,"{'clf__n_estimators': 100, 'clf__min_samples_split': 10, 'clf__min_samples_leaf': 10, 'clf__max_features': None, 'clf__max_depth': 25}",-1.1108188535106749,-1.1264491261320198,-1.1175110410298599,-1.118259673557518,0.006402952108233189,31,-0.7896387053279269,-0.7773775023252035,-0.7788903221433,-0.7819688432654769,0.005458464008202597,0.38485645317046757,0.3846998965475962,0.384886461639645,0.3848142704525696,8.17971868291476e-05,31,0.567025288392,0.5708303757768153,0.571662482434008,0.569839382200941,0.002018653568821991,0.18502511174837138
76.85171866416931,1.7651515703580758,0.7862683137257894,0.09053432042269086,100,5,1,,5,"{'clf__n_estimators': 100, 'clf__min_samples_split': 5, 'clf__min_samples_leaf': 1, 'clf__max_features': None, 'clf__max_depth': 5}",-1.3773138821202695,-1.4020903948063528,-1.390604736547572,-1.3900030044913982,0.01012391414165759,85,-1.3890293447808766,-1.375030772991761,-1.3818721244306846,-1.381977414067774,0.0057153779381894695,0.23727820799282728,0.2341364159637498,0.2345670256911666,0.2353272165492479,0.0013907148986585978,85,0.2383674002887315,0.24088176159576924,0.24006287079866417,0.23977067756105497,0.0010470707908766428,0.004443461011807065
24.357914527257282,0.7969057810527754,1.2607091267903645,0.06601505756875892,100,2,10,sqrt,15,"{'clf__n_estimators': 100, 'clf__min_samples_split': 2, 'clf__min_samples_leaf': 10, 'clf__max_features': 'sqrt', 'clf__max_depth': 15}",-1.2308702988428089,-1.2567360842795041,-1.2435441626056998,-1.2437168485760042,0.010560368661416585,69,-1.162084275026029,-1.1527936289475718,-1.1560014343319076,-1.1569597794351696,0.003852950829472348,0.3183749817314244,0.31353327484501003,0.3155138321829627,0.31580736291979905,0.0019874861196310105,69,0.3628059257370957,0.3635730297538988,0.3642766245677447,0.36355186001957973,0.0006005968591639652,0.04774449709978068
77.30663832028706,1.799538809643725,0.8259487946828207,0.09997590457976864,100,5,10,,5,"{'clf__n_estimators': 100, 'clf__min_samples_split': 5, 'clf__min_samples_leaf': 10, 'clf__max_features': None, 'clf__max_depth': 5}",-1.3772418371002308,-1.4021772452433177,-1.3903305712924627,-1.3899165512120037,0.010184046487385632,82,-1.389388624390078,-1.375492988179357,-1.3824496577909806,-1.3824437567868053,0.005672871262512649,0.23731810471317727,0.23408897566519593,0.23471793494751747,0.23537500510863021,0.001397765955515627,82,0.2381704000858147,0.24062658477655674,0.23974526612592928,0.2395140836627669,0.0010159707368535993,0.004139078554136699
193.41695928573608,5.901371235589882,1.7611411412556965,0.07944196207906867,100,2,10,,25,"{'clf__n_estimators': 100, 'clf__min_samples_split': 2, 'clf__min_samples_leaf': 10, 'clf__max_features': None, 'clf__max_depth': 25}",-1.1108188535106749,-1.1264491261320198,-1.1175110410298599,-1.118259673557518,0.006402952108233189,31,-0.7896387053279269,-0.7773775023252035,-0.7788903221433,-0.7819688432654769,0.005458464008202597,0.38485645317046757,0.3846998965475962,0.384886461639645,0.3848142704525696,8.17971868291476e-05,31,0.567025288392,0.5708303757768153,0.571662482434008,0.569839382200941,0.002018653568821991,0.18502511174837138
41.151663621266685,1.6689424789614486,0.7379129727681478,0.06943165255858072,100,2,1,0.5,5,"{'clf__n_estimators': 100, 'clf__min_samples_split': 2, 'clf__min_samples_leaf': 1, 'clf__max_features': 0.5, 'clf__max_depth': 5}",-1.368106955709641,-1.3977234304352393,-1.385417073856496,-1.383749153333792,0.012148260861691068,79,-1.3839870096419926,-1.3707794097858035,-1.3772890635727282,-1.3773518276668415,0.0053921627070489505,0.2423767723084519,0.23652178212630837,0.23742247985364817,0.23877367809613614,0.0025741704199121716,79,0.24113221359874082,0.24322882713867433,0.2425832473586772,0.24231476269869745,0.0008767402098841156,0.0035410846025613063
114.05653047561646,1.8944472871297122,2.174032131830851,0.05303344959312513,100,10,5,0.5,25,"{'clf__n_estimators': 100, 'clf__min_samples_split': 10, 'clf__min_samples_leaf': 5, 'clf__max_features': 0.5, 'clf__max_depth': 25}",-1.0828362853042204,-1.100334397642182,-1.0935168512084636,-1.092229178051622,0.007201368410106466,17,-0.6423796479483374,-0.6316804575734773,-0.6364153782518123,-0.6368251612578757,0.004377526718244598,0.40035249575339305,0.398964539991019,0.398093625112077,0.39913688695216304,0.0009301977387672478,17,0.6477703778492288,0.6512658730217162,0.6500141605161065,0.6496834704623505,0.0014460609851041756,0.2505465835101875
90.95452706019084,2.1036367821294437,1.5018686453501384,0.14965444760775828,100,10,1,0.5,15,"{'clf__n_estimators': 100, 'clf__min_samples_split': 10, 'clf__min_samples_leaf': 1, 'clf__max_features': 0.5, 'clf__max_depth': 15}",-1.1375973990958803,-1.1522570517494455,-1.144770103906433,-1.1448748515839196,0.0059852364496734345,41,-0.8748035289273315,-0.8640135565536116,-0.86834444778045,-0.8690538444204643,0.004433456789087387,0.37002716803710967,0.3706028379819588,0.3698822084351808,0.3701707381514165,0.00031121912881859154,41,0.5203277105145516,0.5230008943135982,0.5224687037694893,0.521932436199213,0.0011553253758339434,0.15176169804779654
55.655067443847656,3.1713862135061905,3.5608108838399253,0.3173984118612512,100,2,1,sqrt,,"{'clf__n_estimators': 100, 'clf__min_samples_split': 2, 'clf__min_samples_leaf': 1, 'clf__max_features': 'sqrt', 'clf__max_depth': None}",-1.0518654315916989,-1.0712146480442308,-1.0596748164632444,-1.0609182986997248,0.007948070222222287,3,-0.15116992044753352,-0.14963775301703067,-0.1510154954076384,-0.15060772295740085,0.0006887636445849778,0.41750337570186324,0.414870615573546,0.41672135492695384,0.4163651154007877,0.0011039433630751732,3,0.9171105060226329,0.9173889416148098,0.9169515905154546,0.9171503460509657,0.00018075658940495224,0.500785230650178
42.06874672571818,3.1542117484078833,0.9216087659200033,0.05726662514296488,100,10,10,0.5,5,"{'clf__n_estimators': 100, 'clf__min_samples_split': 10, 'clf__min_samples_leaf': 10, 'clf__max_features': 0.5, 'clf__max_depth': 5}",-1.3681673822480287,-1.397757817598792,-1.385155898993455,-1.3836936996134253,0.01212441026283049,78,-1.3843850028982492,-1.3711495104939535,-1.3774134332700643,-1.3776493155540888,0.005405940876170685,0.2423433096110652,0.23650299883214942,0.2375662387859876,0.23880418240973408,0.0025399062725831555,78,0.2409139859280518,0.24302450429505418,0.24251485235375425,0.24215111419228674,0.0008991851985527116,0.003346931782552659
155.6566160519918,5.338835564959135,3.2735327084859214,0.2295629772969865,100,2,1,0.5,,"{'clf__n_estimators': 100, 'clf__min_samples_split': 2, 'clf__min_samples_leaf': 1, 'clf__max_features': 0.5, 'clf__max_depth': None}",-1.0493421014260385,-1.0630471248496367,-1.0545437534314615,-1.0556443265690454,0.00564891509841922,1,-0.1503891615513721,-0.1486758993063905,-0.15023324822941472,-0.14976610302905913,0.000773513782976241,0.4189007324923252,0.41933196029830977,0.4195456548409138,0.4192594492105162,0.000268234477422283,1,0.917538611757091,0.9179199556901058,0.9173817740790676,0.9176134471754215,0.0002259942720401351,0.49835399796490526
97.56013449033101,0.608484053420364,1.7015947500864665,0.1937928814411755,100,2,10,0.5,25,"{'clf__n_estimators': 100, 'clf__min_samples_split': 2, 'clf__min_samples_leaf': 10, 'clf__max_features': 0.5, 'clf__max_depth': 25}",-1.1108832618357094,-1.129320781681359,-1.1216919704181163,-1.1206320046450615,0.007564310063040206,34,-0.8350312557860677,-0.8247987256410357,-0.8284350870019164,-0.82942168947634,0.004235265172662448,0.3848207854597676,0.38313131265366074,0.38258514543316247,0.38351241451553025,0.0009516478879571943,34,0.5421356441646401,0.5446503685991113,0.544416179604704,0.5437340641228184,0.00113429005499845,0.16022164960728819
231.86392633120218,5.581619507658408,2.116847197214762,0.048615138494328435,100,10,1,,,"{'clf__n_estimators': 100, 'clf__min_samples_split': 10, 'clf__min_samples_leaf': 1, 'clf__max_features': None, 'clf__max_depth': None}",-1.0717050935891126,-1.0847472582744533,-1.0767801395597167,-1.077744163807761,0.005367899774461751,7,-0.3605977915310186,-0.355242282254718,-0.3568014227854963,-0.3575471655237443,0.0022490693002325405,0.4065166698043019,0.407478700322807,0.4073060423006267,0.40710047080924516,0.0004187842787445617,7,0.8022770113202774,0.8038801015884495,0.8037831112352227,0.8033134080479831,0.000733912081498516,0.39621293723873796
11.736613909403482,0.7207836014258914,0.9548563162485758,0.04654625112231018,100,2,10,sqrt,5,"{'clf__n_estimators': 100, 'clf__min_samples_split': 2, 'clf__min_samples_leaf': 10, 'clf__max_features': 'sqrt', 'clf__max_depth': 5}",-1.4436693125270628,-1.4754239384655286,-1.459388573966405,-1.4594939416529986,0.01296398585530969,90,-1.4611770483460254,-1.448144081104436,-1.4576653077714168,-1.455662145740626,0.005505999901397691,0.20053223930240405,0.19407944760783147,0.19670621889527995,0.1971059686018385,0.0026494628429559633,90,0.198807369943807,0.20051783174884652,0.1983816955707347,0.1992356324211294,0.0009231561821531199,0.0021296638192909167
33.59868407249451,2.3728978960517924,2.5959884325663247,0.21292682160594187,100,5,1,log2,,"{'clf__n_estimators': 100, 'clf__min_samples_split': 5, 'clf__min_samples_leaf': 1, 'clf__max_features': 'log2', 'clf__max_depth': None}",-1.0695823104672404,-1.0873270089393925,-1.084069732405676,-1.080326350604103,0.007712684852508047,11,-0.37493036561728194,-0.37034694707058635,-0.3735497888023947,-0.37294236716342094,0.00191983544072027,0.4076922137146446,0.4060695635813466,0.4032936190814771,0.4056851321258228,0.0018161771838543378,11,0.7944181739941321,0.7955412143635764,0.794572631506544,0.7948440066214175,0.0004970166044039571,0.3891588744955947
169.33961383501688,5.715487506609427,1.3600653012593586,0.04694046719725129,100,5,5,,15,"{'clf__n_estimators': 100, 'clf__min_samples_split': 5, 'clf__min_samples_leaf': 5, 'clf__max_features': None, 'clf__max_depth': 15}",-1.1378596246257546,-1.1487437671505625,-1.1433275179623938,-1.1433103032462368,0.0044434492521705045,39,-0.8910162171818451,-0.865165218235819,-0.8732013913801675,-0.8764609422659438,0.010802377534894318,0.36988195413296465,0.3725218987961594,0.37067625351558486,0.3710267021482363,0.0011058745074308159,39,0.5114379689479027,0.5223650922613047,0.5197977100424953,0.5178669237505675,0.004665222949684554,0.14684022160233123
87.64321168263753,3.061372568374499,1.2943124771118164,0.07692427783730782,100,2,10,0.5,15,"{'clf__n_estimators': 100, 'clf__min_samples_split': 2, 'clf__min_samples_leaf': 10, 'clf__max_features': 0.5, 'clf__max_depth': 15}",-1.151302193728023,-1.169728337896667,-1.1611872696334589,-1.1607392670860497,0.0075291091523843594,46,-0.9926675439787465,-0.9794124397688064,-0.9869953992961114,-0.9863584610145547,0.005430083773753812,0.3624377974102584,0.3610595004938777,0.36084567946192536,0.3614476591220204,0.0007055542647698144,46,0.4557005112884772,0.4592922132711128,0.4572186260830562,0.4574037835475487,0.001472139768728971,0.09595612442552826
12.089682976404825,0.2843905423189335,0.8650569121042887,0.06952135536535979,100,10,1,sqrt,5,"{'clf__n_estimators': 100, 'clf__min_samples_split': 10, 'clf__min_samples_leaf': 1, 'clf__max_features': 'sqrt', 'clf__max_depth': 5}",-1.4452133344470617,-1.473627420865475,-1.4606977693731413,-1.459846174895226,0.011615621280969752,93,-1.462350200676373,-1.4459144790701093,-1.458512549252201,-1.4555924096662276,0.00702038211594528,0.1996771987912993,0.19506075909320908,0.1959855961994178,0.19690785136130873,0.001994290986666972,93,0.19816410703321607,0.2017487362506839,0.1979157694931588,0.1992762042590196,0.0017512811921186954,0.002368352897710868
265.0587179660797,4.170605977890392,2.6763314406077066,0.2607777396445849,100,2,1,,25,"{'clf__n_estimators': 100, 'clf__min_samples_split': 2, 'clf__min_samples_leaf': 1, 'clf__max_features': None, 'clf__max_depth': 25}",-1.071088981015083,-1.0851851483603536,-1.0779671701112352,-1.078080433162224,0.005755293496455127,8,-0.2843589894543107,-0.2692033375883669,-0.27322265721939204,-0.2755949947540232,0.00641063880873487,0.4068578574541487,0.40723951169998795,0.4066526630176682,0.40691667739060167,0.00024316343293944638,8,0.8440802728875958,0.8513799346046745,0.8497458353133742,0.8484020142685482,0.0031279020174694565,0.44148533687794655
10.86608370145162,0.6953877618927407,0.804710308710734,0.06355275938386054,100,5,10,sqrt,5,"{'clf__n_estimators': 100, 'clf__min_samples_split': 5, 'clf__min_samples_leaf': 10, 'clf__max_features': 'sqrt', 'clf__max_depth': 5}",-1.4436693125270628,-1.4754239384655286,-1.459388573966405,-1.4594939416529986,0.01296398585530969,90,-1.4611770483460254,-1.448144081104436,-1.4576653077714168,-1.455662145740626,0.005505999901397691,0.20053223930240405,0.19407944760783147,0.19670621889527995,0.1971059686018385,0.0026494628429559633,90,0.198807369943807,0.20051783174884652,0.1983816955707347,0.1992356324211294,0.0009231561821531199,0.0021296638192909167
75.65315039952596,2.463346149379565,0.8228627840677897,0.0378522155215249,100,10,10,,5,"{'clf__n_estimators': 100, 'clf__min_samples_split': 10, 'clf__min_samples_leaf': 10, 'clf__max_features': None, 'clf__max_depth': 5}",-1.3772418371002308,-1.4021772452433177,-1.3903305712924627,-1.3899165512120037,0.010184046487385632,82,-1.389388624390078,-1.375492988179357,-1.3824496577909806,-1.3824437567868053,0.005672871262512649,0.23731810471317727,0.23408897566519593,0.23471793494751747,0.23537500510863021,0.001397765955515627,82,0.2381704000858147,0.24062658477655674,0.23974526612592928,0.2395140836627669,0.0010159707368535993,0.004139078554136699
39.491612593332924,2.4644949913073657,0.7606546878814697,0.05611131111809978,100,2,5,0.5,5,"{'clf__n_estimators': 100, 'clf__min_samples_split': 2, 'clf__min_samples_leaf': 5, 'clf__max_features': 0.5, 'clf__max_depth': 5}",-1.3677181919254056,-1.3977252858956712,-1.3854178556342696,-1.3836204444851152,0.012316098875439859,76,-1.3838406541870623,-1.3710521132709457,-1.3774370609069895,-1.3774432761216657,0.005220901816255318,0.2425920599157495,0.23652076861849058,0.23742204953835389,0.23884495935753133,0.0026750263262476062,76,0.241212463224884,0.2430782747340926,0.24250185873570718,0.24226419889822792,0.0007800319633351919,0.003419239540696589
225.1975406805674,1.39401179144485,1.7953838507334392,0.04271225177575275,100,5,5,,25,"{'clf__n_estimators': 100, 'clf__min_samples_split': 5, 'clf__min_samples_leaf': 5, 'clf__max_features': None, 'clf__max_depth': 25}",-1.0858923420017084,-1.1001946529246514,-1.0933979385548271,-1.0931616444937289,0.005841284139446066,19,-0.5879832660811646,-0.5738291270895975,-0.5771807029399473,-0.5796643653702365,0.006039389977410637,0.3986601284063106,0.39904087272292743,0.39815907841002995,0.3986200265130893,0.000361106100700363,19,0.6775970031052396,0.6832040673871502,0.6825892651946364,0.6811301118956754,0.0025108615689667024,0.2825100853825861
25.51281754175822,2.1451621851141254,1.6303333441416423,0.4015056273922365,100,10,5,sqrt,15,"{'clf__n_estimators': 100, 'clf__min_samples_split': 10, 'clf__min_samples_leaf': 5, 'clf__max_features': 'sqrt', 'clf__max_depth': 15}",-1.215159831244007,-1.2380129196332326,-1.2297497686624221,-1.227640839846554,0.009448160236936355,64,-1.1085821222654286,-1.0986389956190765,-1.1037114264173145,-1.10364418143394,0.004059542937506726,0.32707504360968154,0.32376042570034036,0.3231067043394351,0.32464739121648567,0.0017372315161520964,64,0.392142227270476,0.39347037507971183,0.3930326272383263,0.39288174319617136,0.0005526111631320624,0.06823435197968569
32.67541368802389,1.012513331928997,1.7052656014760335,0.4881134241955682,100,10,1,sqrt,15,"{'clf__n_estimators': 100, 'clf__min_samples_split': 10, 'clf__min_samples_leaf': 1, 'clf__max_features': 'sqrt', 'clf__max_depth': 15}",-1.1992937317579904,-1.2228956543813316,-1.215940897877169,-1.2127100946721636,0.009902567171922368,60,-1.0396914706666303,-1.0311305992794042,-1.037966606933475,-1.0362628922931698,0.0036967654698712906,0.33586129051333535,0.3320179267783978,0.3307075450091168,0.3328622541002833,0.002187074095746032,60,0.4299163508123175,0.43073998090487087,0.42918787524942037,0.42994806898886956,0.0006340412833368694,0.09708581488858625
9.280775785446167,0.799504949862789,0.8038829962412516,0.07582480311889014,100,10,5,log2,5,"{'clf__n_estimators': 100, 'clf__min_samples_split': 10, 'clf__min_samples_leaf': 5, 'clf__max_features': 'log2', 'clf__max_depth': 5}",-1.467115068020464,-1.4943192203336586,-1.4806063792100321,-1.4806802225213849,0.011106171419405975,94,-1.4843125010421818,-1.4687709540399896,-1.4783219843176842,-1.4771351464666187,0.0064000707740294715,0.1875485695107657,0.18375828119337934,0.18502726559597238,0.18544470543337246,0.0015752805878351457,95,0.18612173803208487,0.18913027900880375,0.18702190677705133,0.18742464127264666,0.0012608134960164822,0.001979935839274194
113.47194806734721,2.2839662467636326,2.82118813196818,0.11367826754150258,100,2,5,0.5,,"{'clf__n_estimators': 100, 'clf__min_samples_split': 2, 'clf__min_samples_leaf': 5, 'clf__max_features': 0.5, 'clf__max_depth': None}",-1.0768537132794733,-1.0929424583378509,-1.0848932394894248,-1.0848964703689163,0.006568203063106562,12,-0.5988763908102048,-0.5923812171828248,-0.5934343944062419,-0.5948973341330904,0.002846279981045111,0.403665493694358,0.4030022376669775,0.4028403346506738,0.4031693553373364,0.0003569949566899579,12,0.671624084723399,0.6729619475547008,0.6736508233421321,0.6727456185400773,0.0008414337126167777,0.2695762632027409
32.37059768040975,2.5506815472090993,1.9250737031300862,0.3384646816870891,100,10,5,sqrt,25,"{'clf__n_estimators': 100, 'clf__min_samples_split': 10, 'clf__min_samples_leaf': 5, 'clf__max_features': 'sqrt', 'clf__max_depth': 25}",-1.149328918558646,-1.1702781344999706,-1.1658376673972084,-1.1618149068186083,0.00901311504211566,48,-0.922120657544041,-0.914899433090501,-0.9202863830261413,-0.9191021578868944,0.0030646710032692687,0.3635305475762507,0.3607591851941959,0.35828595296418364,0.3608585619115434,0.002142249590219554,48,0.49438278155057636,0.49490814343480016,0.49390411775757115,0.49439834758098256,0.0004100395233882951,0.13353978566943914
20.362839063008625,0.9152092373081233,1.2765589555104573,0.0422601429240245,100,10,1,log2,15,"{'clf__n_estimators': 100, 'clf__min_samples_split': 10, 'clf__min_samples_leaf': 1, 'clf__max_features': 'log2', 'clf__max_depth': 15}",-1.2277003455328226,-1.2530048460253125,-1.2442198596558514,-1.2416416837379955,0.010490143932637095,68,-1.092475619628834,-1.0821227558044972,-1.0897482638816776,-1.0881155464383363,0.0043813827367364935,0.3201304221583007,0.3155713884451271,0.3151419070850279,0.3169479058961519,0.0022571989838144238,68,0.40097374513686135,0.4025885556465554,0.4007114315678335,0.40142457745041676,0.000829994390719456,0.08447667155426486
25.05489993095398,1.9957209775872449,1.2562839190165203,0.145557048488779,100,10,10,sqrt,15,"{'clf__n_estimators': 100, 'clf__min_samples_split': 10, 'clf__min_samples_leaf': 10, 'clf__max_features': 'sqrt', 'clf__max_depth': 15}",-1.2308702988428089,-1.2567360842795041,-1.2435441626056998,-1.2437168485760042,0.010560368661416585,69,-1.162084275026029,-1.1527936289475718,-1.1560014343319076,-1.1569597794351696,0.003852950829472348,0.3183749817314244,0.31353327484501003,0.3155138321829627,0.31580736291979905,0.0019874861196310105,69,0.3628059257370957,0.3635730297538988,0.3642766245677447,0.36355186001957973,0.0006005968591639652,0.04774449709978068
12.862217028935751,0.46619372840883594,0.8664101759592692,0.07335998325267505,100,10,10,sqrt,5,"{'clf__n_estimators': 100, 'clf__min_samples_split': 10, 'clf__min_samples_leaf': 10, 'clf__max_features': 'sqrt', 'clf__max_depth': 5}",-1.4436693125270628,-1.4754239384655286,-1.459388573966405,-1.4594939416529986,0.01296398585530969,90,-1.4611770483460254,-1.448144081104436,-1.4576653077714168,-1.455662145740626,0.005505999901397691,0.20053223930240405,0.19407944760783147,0.19670621889527995,0.1971059686018385,0.0026494628429559633,90,0.198807369943807,0.20051783174884652,0.1983816955707347,0.1992356324211294,0.0009231561821531199,0.0021296638192909167
26.235145171483357,1.6953700522432715,1.75088898340861,0.07471895137516664,100,10,5,log2,25,"{'clf__n_estimators': 100, 'clf__min_samples_split': 10, 'clf__min_samples_leaf': 5, 'clf__max_features': 'log2', 'clf__max_depth': 25}",-1.1824231130458744,-1.20290232114445,-1.1944021486418257,-1.1932425276107168,0.008400715516670152,52,-1.0064300341740584,-0.9964915705222328,-1.0004649045782046,-1.0011288364248319,0.004084431340459295,0.3452038149033213,0.3429388815943989,0.34256315606580834,0.3435686175211761,0.001166389093781707,52,0.448154262373477,0.4498632754570103,0.44981130018446525,0.44927627933831754,0.0007936694985032049,0.10570766181714142
28.500229835510254,1.6386453577593016,1.3877004782358806,0.12084873785545289,100,2,1,sqrt,15,"{'clf__n_estimators': 100, 'clf__min_samples_split': 2, 'clf__min_samples_leaf': 1, 'clf__max_features': 'sqrt', 'clf__max_depth': 15}",-1.1952305555973415,-1.2174497505304094,-1.2130794895257493,-1.2085865985511666,0.009611198601996586,58,-0.972955090092425,-0.9639857533221156,-0.9725782827723894,-0.9698397087289766,0.004142228978722032,0.33811137529264523,0.3349926418588476,0.33228255496527226,0.33512885737225506,0.002381554478594284,58,0.46650924442038666,0.46780888014857225,0.4651470747062688,0.4664883997584092,0.0010867774774131573,0.13135954238615416
211.03322728474936,2.938145769148809,1.8104433218638103,0.07703192667523152,100,10,5,,25,"{'clf__n_estimators': 100, 'clf__min_samples_split': 10, 'clf__min_samples_leaf': 5, 'clf__max_features': None, 'clf__max_depth': 25}",-1.0858923420017084,-1.1001946529246514,-1.0933979385548271,-1.0931616444937289,0.005841284139446066,19,-0.5879832660811646,-0.5738291270895975,-0.5771807029399473,-0.5796643653702365,0.006039389977410637,0.3986601284063106,0.39904087272292743,0.39815907841002995,0.3986200265130893,0.000361106100700363,19,0.6775970031052396,0.6832040673871502,0.6825892651946364,0.6811301118956754,0.0025108615689667024,0.2825100853825861
9.277339617411295,0.21734769483363822,0.7151830196380615,0.028420205937435022,100,2,5,log2,5,"{'clf__n_estimators': 100, 'clf__min_samples_split': 2, 'clf__min_samples_leaf': 5, 'clf__max_features': 'log2', 'clf__max_depth': 5}",-1.467115068020464,-1.4943192203336586,-1.4806063792100321,-1.4806802225213849,0.011106171419405975,94,-1.4843125010421818,-1.4687709540399896,-1.4783219843176842,-1.4771351464666187,0.0064000707740294715,0.1875485695107657,0.18375828119337934,0.18502726559597238,0.18544470543337246,0.0015752805878351457,95,0.18612173803208487,0.18913027900880375,0.18702190677705133,0.18742464127264666,0.0012608134960164822,0.001979935839274194
113.51951058705647,1.3643297805290768,2.376142899195353,0.463949293915963,100,2,5,0.5,25,"{'clf__n_estimators': 100, 'clf__min_samples_split': 2, 'clf__min_samples_leaf': 5, 'clf__max_features': 0.5, 'clf__max_depth': 25}",-1.0828362853042204,-1.100334397642182,-1.0935168512084636,-1.092229178051622,0.007201368410106466,17,-0.6423796479483374,-0.6316804575734773,-0.6364153782518123,-0.6368251612578757,0.004377526718244598,0.40035249575339305,0.398964539991019,0.398093625112077,0.39913688695216304,0.0009301977387672478,17,0.6477703778492288,0.6512658730217162,0.6500141605161065,0.6496834704623505,0.0014460609851041756,0.2505465835101875
180.0370314915975,0.43711631856559424,1.4107107321421306,0.11173542713025296,100,5,1,,15,"{'clf__n_estimators': 100, 'clf__min_samples_split': 5, 'clf__min_samples_leaf': 1, 'clf__max_features': None, 'clf__max_depth': 15}",-1.1344333189433187,-1.1444139081534204,-1.1402509194618529,-1.1396993821861974,0.004093180122270684,37,-0.8206932398933062,-0.7947260242807198,-0.8037390925916359,-0.8063861189218873,0.010765040113330468,0.371779356057099,0.37488699689697114,0.37236971095833005,0.3730120213041334,0.0013475359816234505,37,0.5499974653422397,0.5612527141822792,0.5579973227243343,0.556415834082951,0.004729058141245514,0.18340381277881762
24.627743641535442,2.0694457872725684,1.5460806687672932,0.07523607915659354,100,5,5,log2,,"{'clf__n_estimators': 100, 'clf__min_samples_split': 5, 'clf__min_samples_leaf': 5, 'clf__max_features': 'log2', 'clf__max_depth': None}",-1.1732407555494226,-1.1935988098939343,-1.1859569820750229,-1.18426551583946,0.008396760791839495,50,-0.9790709186774442,-0.9688210426583036,-0.9723146461875957,-0.9734022025077812,0.004254571945889118,0.35028877357211996,0.34802073687051727,0.3472116437301104,0.34850705139091587,0.0013024485596264122,50,0.46315581316128573,0.46513944438381805,0.46529205717306776,0.4645291049060572,0.0009730605764129653,0.11602205351514133
95.54690456390381,1.3015056676025811,1.5975464979807537,0.08526110397093292,100,5,10,0.5,25,"{'clf__n_estimators': 100, 'clf__min_samples_split': 5, 'clf__min_samples_leaf': 10, 'clf__max_features': 0.5, 'clf__max_depth': 25}",-1.1108832618357094,-1.129320781681359,-1.1216919704181163,-1.1206320046450615,0.007564310063040206,34,-0.8350312557860677,-0.8247987256410357,-0.8284350870019164,-0.82942168947634,0.004235265172662448,0.3848207854597676,0.38313131265366074,0.38258514543316247,0.38351241451553025,0.0009516478879571943,34,0.5421356441646401,0.5446503685991113,0.544416179604704,0.5437340641228184,0.00113429005499845,0.16022164960728819
94.98758546511333,2.7256494114055227,1.8459073702494304,0.48346966859230267,100,5,1,0.5,15,"{'clf__n_estimators': 100, 'clf__min_samples_split': 5, 'clf__min_samples_leaf': 1, 'clf__max_features': 0.5, 'clf__max_depth': 15}",-1.1327844710490276,-1.1472156770681756,-1.1406627240194005,-1.140220957378868,0.005899790680766524,38,-0.8362260390932454,-0.8199718920807917,-0.8284631023951556,-0.8282203445230643,0.006637947590129627,0.37269244655666256,0.3733565871668679,0.372143040662283,0.3727306914619379,0.0004961658219333643,38,0.5414805205563762,0.5473151361528953,0.5444007730145172,0.5443988099079297,0.0023819722472671794,0.17166811844599178
19.37194585800171,1.115013433593309,1.2262720266977947,0.15316098061643713,100,2,5,log2,15,"{'clf__n_estimators': 100, 'clf__min_samples_split': 2, 'clf__min_samples_leaf': 5, 'clf__max_features': 'log2', 'clf__max_depth': 15}",-1.246860620214053,-1.2711128097049693,-1.2598023548029655,-1.2592585949073294,0.009908377932971797,72,-1.1654087225408878,-1.1561345701853363,-1.1590761458280212,-1.1602064795180818,0.0038696008550977486,0.3095199438715933,0.3056802787030797,0.3065648072851088,0.3072550099532606,0.0016417555530421496,72,0.36098306460542895,0.3617285841772332,0.36258573914776293,0.36176579597680836,0.0006548180208689414,0.05451078602354775
176.87596789995828,3.058387823140584,1.2653990586598713,0.0852805166994964,100,2,10,,15,"{'clf__n_estimators': 100, 'clf__min_samples_split': 2, 'clf__min_samples_leaf': 10, 'clf__max_features': None, 'clf__max_depth': 15}",-1.1494085977146038,-1.1622262608171299,-1.1542628279965903,-1.1552992288427746,0.005283856980649857,45,-0.9666244417149501,-0.9434359978368931,-0.9503727816362592,-0.9534777403960342,0.009717906463375635,0.36348642326340763,0.36515735870696675,0.3646571118684444,0.3644336312796062,0.0007002209148195585,45,0.46998046567263085,0.47915385837741453,0.47735861330490725,0.4754976457849842,0.003969482209029366,0.111064014505378
24.31959382692973,1.148431014569677,1.4709473450978596,0.2228709283287391,100,5,10,log2,25,"{'clf__n_estimators': 100, 'clf__min_samples_split': 5, 'clf__min_samples_leaf': 10, 'clf__max_features': 'log2', 'clf__max_depth': 25}",-1.2201301463188974,-1.2435177880326325,-1.2322356022080336,-1.2319611788531877,0.009549936382537634,67,-1.124979694098279,-1.1161152956265452,-1.1189161292664527,-1.1200037063304256,0.003699685389235075,0.3243226081118814,0.32075350242518696,0.3217384226743102,0.32227151107045954,0.0015050506700840006,67,0.38315111033624294,0.3838221705914382,0.38467105887808906,0.3838814466019234,0.0006219303961748536,0.06160993553146388
23.408607403437298,1.1173364237460095,1.4394769668579102,0.14368993650352996,100,2,10,log2,,"{'clf__n_estimators': 100, 'clf__min_samples_split': 2, 'clf__min_samples_leaf': 10, 'clf__max_features': 'log2', 'clf__max_depth': None}",-1.2139697581695308,-1.2387351374410622,-1.2279432494382077,-1.226882715016267,0.010138196833782975,61,-1.1128769434457058,-1.1057004087404476,-1.1089075487137567,-1.1091616336333034,0.002935311676091587,0.32773407615104133,0.3233659287971391,0.3241010698457468,0.32506702493130907,0.0019096212097068639,61,0.3897872908300616,0.38957195506277165,0.39017510794176746,0.3898447846115336,0.0002495696296175964,0.06477775968022453
10.429588397343954,0.9876278643014406,0.8360910415649414,0.1922242389987023,100,5,10,log2,5,"{'clf__n_estimators': 100, 'clf__min_samples_split': 5, 'clf__min_samples_leaf': 10, 'clf__max_features': 'log2', 'clf__max_depth': 5}",-1.468179424413481,-1.4958348593839783,-1.4807506201136456,-1.4815883013037014,0.01130581128399558,98,-1.4855581408220881,-1.4697226889485828,-1.4784855090162259,-1.4779221129289655,0.0064770592798934585,0.18695915570614596,0.18293039394767607,0.18494787082550446,0.18494580682644216,0.0016447357481160808,98,0.1854387288016186,0.18860485125734539,0.18693197914354165,0.18699185306750188,0.0012932572613990729,0.0020460462410597235
209.36225859324136,3.4466055860245515,1.8614230155944824,0.027366199691153007,100,2,5,,,"{'clf__n_estimators': 100, 'clf__min_samples_split': 2, 'clf__min_samples_leaf': 5, 'clf__max_features': None, 'clf__max_depth': None}",-1.0801315509995049,-1.094617850421146,-1.0877094636207936,-1.0874862883471481,0.005916112075534878,14,-0.5411718124217244,-0.5326316526551174,-0.5344894123558531,-0.5360976258108984,0.003667273746489317,0.40185030959421497,0.4020870885508213,0.4012901955230411,0.4017425312226925,0.00033413745420829476,14,0.7032646603659489,0.7059481068906162,0.7060666161266139,0.705093127794393,0.001293826614456735,0.30335059657170055
30.631689151128132,1.116456483236147,1.999733845392863,0.03028307882005501,100,5,1,log2,25,"{'clf__n_estimators': 100, 'clf__min_samples_split': 5, 'clf__min_samples_leaf': 1, 'clf__max_features': 'log2', 'clf__max_depth': 25}",-1.109148024087958,-1.1304812715957147,-1.1211558990539523,-1.1202617315792083,0.008732182388974241,33,-0.6014333990016988,-0.6007500738048697,-0.6052432011069845,-0.6024755579711844,0.001976802085273375,0.3857817164876942,0.3824974184565829,0.38288021612286294,0.3837197836890467,0.0014663579969732654,33,0.6702220259377525,0.6683417224505297,0.6671567704519973,0.6685735062800932,0.0012620725298686068,0.28485372259104647
133.0392042795817,0.20788176768460348,2.5955745379130044,0.18494851536433388,100,2,1,0.5,25,"{'clf__n_estimators': 100, 'clf__min_samples_split': 2, 'clf__min_samples_leaf': 1, 'clf__max_features': 0.5, 'clf__max_depth': 25}",-1.057665832763394,-1.0758113720714158,-1.069039957647272,-1.0675057208273604,0.007486902392819903,4,-0.28744987662642,-0.2826052204104471,-0.28363188945646634,-0.28456232883111116,0.0020843802492440957,0.41429125939818867,0.41235974783539886,0.41156648404027085,0.4127391637579528,0.001144280711333437,4,0.8423854775680057,0.8439811084263615,0.8440214546535566,0.8434626802159747,0.0007618753673690541,0.4307235164580219
190.62796489397684,3.5188679838250114,2.2304535706837973,0.8344842349953041,100,2,10,,,"{'clf__n_estimators': 100, 'clf__min_samples_split': 2, 'clf__min_samples_leaf': 10, 'clf__max_features': None, 'clf__max_depth': None}",-1.1081679703467564,-1.1236611419869842,-1.1146875737324504,-1.1155055620220637,0.0063514523535880075,24,-0.7732560171147742,-0.7623047509864845,-0.7631480630386501,-0.7662362770466363,0.004975631067010338,0.38632444560373413,0.38622277662541593,0.3864405876357101,0.3863292699549534,8.898638407028505e-05,24,0.5760082443395657,0.5791516444123224,0.5803196707364784,0.5784931864961221,0.0018206728636329364,0.1921639165411687
40.56554102897644,0.8143267797026719,0.722824494043986,0.03405475773487546,100,10,5,0.5,5,"{'clf__n_estimators': 100, 'clf__min_samples_split': 10, 'clf__min_samples_leaf': 5, 'clf__max_features': 0.5, 'clf__max_depth': 5}",-1.3677181919254056,-1.3977252858956712,-1.3854178556342696,-1.3836204444851152,0.012316098875439859,76,-1.3838406541870623,-1.3710521132709457,-1.3774370609069895,-1.3774432761216657,0.005220901816255318,0.2425920599157495,0.23652076861849058,0.23742204953835389,0.23884495935753133,0.0026750263262476062,76,0.241212463224884,0.2430782747340926,0.24250185873570718,0.24226419889822792,0.0007800319633351919,0.003419239540696589
18.86000116666158,1.1113393197537451,1.1794630686442058,0.1016518528741493,100,5,5,log2,15,"{'clf__n_estimators': 100, 'clf__min_samples_split': 5, 'clf__min_samples_leaf': 5, 'clf__max_features': 'log2', 'clf__max_depth': 15}",-1.246860620214053,-1.2711128097049693,-1.2598023548029655,-1.2592585949073294,0.009908377932971797,72,-1.1654087225408878,-1.1561345701853363,-1.1590761458280212,-1.1602064795180818,0.0038696008550977486,0.3095199438715933,0.3056802787030797,0.3065648072851088,0.3072550099532606,0.0016417555530421496,72,0.36098306460542895,0.3617285841772332,0.36258573914776293,0.36176579597680836,0.0006548180208689414,0.05451078602354775
22.72290293375651,1.2321021891414439,1.5361027717590332,0.12646734279773975,100,2,5,log2,,"{'clf__n_estimators': 100, 'clf__min_samples_split': 2, 'clf__min_samples_leaf': 5, 'clf__max_features': 'log2', 'clf__max_depth': None}",-1.1732407555494226,-1.1935988098939343,-1.1859569820750229,-1.18426551583946,0.008396760791839495,50,-0.9790709186774442,-0.9688210426583036,-0.9723146461875957,-0.9734022025077812,0.004254571945889118,0.35028877357211996,0.34802073687051727,0.3472116437301104,0.34850705139091587,0.0013024485596264122,50,0.46315581316128573,0.46513944438381805,0.46529205717306776,0.4645291049060572,0.0009730605764129653,0.11602205351514133
24.499995072682697,1.1496741656597969,1.2983755270640056,0.13140937375843528,100,5,1,sqrt,15,"{'clf__n_estimators': 100, 'clf__min_samples_split': 5, 'clf__min_samples_leaf': 1, 'clf__max_features': 'sqrt', 'clf__max_depth': 15}",-1.1949995694075308,-1.2192231112185372,-1.213206082129478,-1.2091429209185154,0.01029812130883094,59,-1.0043960376332612,-0.9966383283428807,-1.0062212441538112,-1.0024185367099845,0.004154591940332701,0.33823928963585215,0.33402397936930384,0.332212874379085,0.3348253811280803,0.0025246919014639603,59,0.4492695433997502,0.4497822543333595,0.44664569890019545,0.4485658322111017,0.0013737787483433027,0.11374045108302139
241.94645229975382,1.5156063709245182,2.615572690963745,0.17461124868602682,100,5,1,,25,"{'clf__n_estimators': 100, 'clf__min_samples_split': 5, 'clf__min_samples_leaf': 1, 'clf__max_features': None, 'clf__max_depth': 25}",-1.073879616690533,-1.0865208105845603,-1.0794864778816062,-1.0799623017188997,0.005171701977086557,10,-0.3451212875651045,-0.3305036792993748,-0.33483105623896925,-0.33681867436781615,0.006130882874006169,0.40531247359441325,0.40650993316362405,0.4058163878094788,0.4058795981891721,0.0004908998669446077,10,0.8107630883022294,0.8175376320706086,0.8158653415557362,0.8147220206428581,0.002881434579023625,0.40884242245368607
25.012447198232014,0.6495300474183925,1.1874335606892903,0.01207956223805338,100,2,5,sqrt,15,"{'clf__n_estimators': 100, 'clf__min_samples_split': 2, 'clf__min_samples_leaf': 5, 'clf__max_features': 'sqrt', 'clf__max_depth': 15}",-1.215159831244007,-1.2380129196332326,-1.2297497686624221,-1.227640839846554,0.009448160236936355,64,-1.1085821222654286,-1.0986389956190765,-1.1037114264173145,-1.10364418143394,0.004059542937506726,0.32707504360968154,0.32376042570034036,0.3231067043394351,0.32464739121648567,0.0017372315161520964,64,0.392142227270476,0.39347037507971183,0.3930326272383263,0.39288174319617136,0.0005526111631320624,0.06823435197968569
9.584802945454916,0.666884170823231,0.7494552135467529,0.035294530276850464,100,5,1,log2,5,"{'clf__n_estimators': 100, 'clf__min_samples_split': 5, 'clf__min_samples_leaf': 1, 'clf__max_features': 'log2', 'clf__max_depth': 5}",-1.4631923248113994,-1.495714206438269,-1.4831554112790903,-1.4806873141762527,0.013391211635989839,96,-1.4800699375490458,-1.4698574073188315,-1.4806498985721488,-1.4768590811466753,0.004956589283685228,0.18972088605301674,0.18299629818449825,0.18362419745809744,0.18544712723187082,0.0030328562138066664,94,0.18844802053638066,0.18853047679685142,0.18574170982952742,0.1875734023875865,0.0012956396050238296,0.0021262751557156734
32.72675712903341,2.833637660617529,3.014246940612793,0.38498281724784633,100,10,1,log2,,"{'clf__n_estimators': 100, 'clf__min_samples_split': 10, 'clf__min_samples_leaf': 1, 'clf__max_features': 'log2', 'clf__max_depth': None}",-1.0911733004302917,-1.108536446092543,-1.104848624242038,-1.1015194569216245,0.0074691464531374,22,-0.5768895920358492,-0.5712131200069919,-0.5741606359954765,-0.5740877826794392,0.0023179825104090255,0.3957356664311189,0.394484336542011,0.39185625764933163,0.39402542020748715,0.001616664524181735,22,0.6836798866924225,0.6846482959289448,0.6842500997705725,0.6841927607973132,0.00039742498725020976,0.290167340589826
27.92225416501363,2.569090278999644,2.3547319571177163,1.046100223017584,100,5,5,log2,25,"{'clf__n_estimators': 100, 'clf__min_samples_split': 5, 'clf__min_samples_leaf': 5, 'clf__max_features': 'log2', 'clf__max_depth': 25}",-1.1824231130458744,-1.20290232114445,-1.1944021486418257,-1.1932425276107168,0.008400715516670152,52,-1.0064300341740584,-0.9964915705222328,-1.0004649045782046,-1.0011288364248319,0.004084431340459295,0.3452038149033213,0.3429388815943989,0.34256315606580834,0.3435686175211761,0.001166389093781707,52,0.448154262373477,0.4498632754570103,0.44981130018446525,0.44927627933831754,0.0007936694985032049,0.10570766181714142
90.30819392204285,0.8318048898686035,1.315785805384318,0.11910161095439253,100,10,5,0.5,15,"{'clf__n_estimators': 100, 'clf__min_samples_split': 10, 'clf__min_samples_leaf': 5, 'clf__max_features': 0.5, 'clf__max_depth': 15}",-1.1401750734748004,-1.1546162967591937,-1.1474967433132137,-1.1474293711824026,0.00589579718898322,42,-0.9166052327731498,-0.9057416400502554,-0.911006513643125,-0.9111177954888433,0.004435741159349498,0.3685997167879621,0.3693141480048515,0.3683813795827052,0.3687650814585062,0.0003983493759975517,42,0.4974069993776148,0.4999639195359096,0.4990074244772129,0.4987927811302457,0.0010548345838002288,0.1300276996717395
76.73790176709493,3.719169760268528,0.7148076693216959,0.05283348166454249,100,10,5,,5,"{'clf__n_estimators': 100, 'clf__min_samples_split': 10, 'clf__min_samples_leaf': 5, 'clf__max_features': None, 'clf__max_depth': 5}",-1.376877518876712,-1.4020640487653622,-1.390384151223597,-1.3897752396218905,0.010291368615235698,80,-1.3890619653997271,-1.3752065939891,-1.3820482619122947,-1.382105607100374,0.005656577032361092,0.2375198549836932,0.23415080695697887,0.23468844285319812,0.23545303493129008,0.0014778524815843806,80,0.23834951375031332,0.24078469545849002,0.23996600697910164,0.239700072062635,0.001011786710990902,0.004247037131344916
86.46928183237712,0.5851900420830296,1.2258604367574055,0.03988120504258272,100,5,10,0.5,15,"{'clf__n_estimators': 100, 'clf__min_samples_split': 5, 'clf__min_samples_leaf': 10, 'clf__max_features': 0.5, 'clf__max_depth': 15}",-1.151302193728023,-1.169728337896667,-1.1611872696334589,-1.1607392670860497,0.0075291091523843594,46,-0.9926675439787465,-0.9794124397688064,-0.9869953992961114,-0.9863584610145547,0.005430083773753812,0.3624377974102584,0.3610595004938777,0.36084567946192536,0.3614476591220204,0.0007055542647698144,46,0.4557005112884772,0.4592922132711128,0.4572186260830562,0.4574037835475487,0.001472139768728971,0.09595612442552826
265.25504207611084,4.49284118745498,2.9596187273661294,0.13976485986199721,100,5,1,,,"{'clf__n_estimators': 100, 'clf__min_samples_split': 5, 'clf__min_samples_leaf': 1, 'clf__max_features': None, 'clf__max_depth': None}",-1.065850123721074,-1.077310337820275,-1.0695589166916348,-1.0709064594109947,0.0047746574282180295,6,-0.225195246043995,-0.22186448961912833,-0.223624464689392,-0.2235614001175051,0.0013605066325008226,0.4097590048797488,0.41154096804415186,0.41128083251440506,0.4108602684794353,0.0007859193175107726,6,0.8765209379257831,0.8775144645252709,0.8770215197840715,0.8770189740783753,0.0004056095301605347,0.46615870559893996
87.01209847132365,1.636927071844704,1.4609596729278564,0.11724384465157975,100,2,5,0.5,15,"{'clf__n_estimators': 100, 'clf__min_samples_split': 2, 'clf__min_samples_leaf': 5, 'clf__max_features': 0.5, 'clf__max_depth': 15}",-1.1401750734748004,-1.1546162967591937,-1.1474967433132137,-1.1474293711824026,0.00589579718898322,42,-0.9166052327731498,-0.9057416400502554,-0.911006513643125,-0.9111177954888433,0.004435741159349498,0.3685997167879621,0.3693141480048515,0.3683813795827052,0.3687650814585062,0.0003983493759975517,42,0.4974069993776148,0.4999639195359096,0.4990074244772129,0.4987927811302457,0.0010548345838002288,0.1300276996717395
25.712416489919026,1.5969998571009172,1.3742424647013347,0.06697384268811055,100,5,10,sqrt,25,"{'clf__n_estimators': 100, 'clf__min_samples_split': 5, 'clf__min_samples_leaf': 10, 'clf__max_features': 'sqrt', 'clf__max_depth': 25}",-1.1885541720417945,-1.2093346957453797,-1.1992144753202532,-1.199034447702476,0.00848456829804119,57,-1.0598154535671758,-1.0510914159539446,-1.0527563546684788,-1.0545544080631997,0.003781706411746643,0.341808588611787,0.33942532677369697,0.33991429875502455,0.3403827380468362,0.001027800491278592,57,0.4188819680826241,0.41972014026660054,0.4210545044138366,0.4198855375876871,0.0008946119206957953,0.07950279954085088
76.15432508786519,1.5581974750612253,0.7535932858784994,0.04278825936791461,100,2,10,,5,"{'clf__n_estimators': 100, 'clf__min_samples_split': 2, 'clf__min_samples_leaf': 10, 'clf__max_features': None, 'clf__max_depth': 5}",-1.3772418371002308,-1.4021772452433177,-1.3903305712924627,-1.3899165512120037,0.010184046487385632,82,-1.389388624390078,-1.375492988179357,-1.3824496577909806,-1.3824437567868053,0.005672871262512649,0.23731810471317727,0.23408897566519593,0.23471793494751747,0.23537500510863021,0.001397765955515627,82,0.2381704000858147,0.24062658477655674,0.23974526612592928,0.2395140836627669,0.0010159707368535993,0.004139078554136699
207.20058592160544,3.719290659375362,1.8556853135426838,0.048871034902465284,100,5,5,,,"{'clf__n_estimators': 100, 'clf__min_samples_split': 5, 'clf__min_samples_leaf': 5, 'clf__max_features': None, 'clf__max_depth': None}",-1.0801315509995049,-1.094617850421146,-1.0877094636207936,-1.0874862883471481,0.005916112075534878,14,-0.5411718124217244,-0.5326316526551174,-0.5344894123558531,-0.5360976258108984,0.003667273746489317,0.40185030959421497,0.4020870885508213,0.4012901955230411,0.4017425312226925,0.00033413745420829476,14,0.7032646603659489,0.7059481068906162,0.7060666161266139,0.705093127794393,0.001293826614456735,0.30335059657170055
28.487436215082806,1.2525865525426567,1.9589641094207764,0.17982698611115613,100,10,1,log2,25,"{'clf__n_estimators': 100, 'clf__min_samples_split': 10, 'clf__min_samples_leaf': 1, 'clf__max_features': 'log2', 'clf__max_depth': 25}",-1.1260311906016762,-1.142982961896965,-1.1384979266468247,-1.1358373597151552,0.007171685055845801,36,-0.7408763364103671,-0.7318146316313257,-0.7371823451676345,-0.7366244377364423,0.0037204004176934276,0.376432243440726,0.37566862241312304,0.3733346138305007,0.37514515989478325,0.0013176587966582042,36,0.5937626715483075,0.5959844354656187,0.5945990767304888,0.5947820612481384,0.0009162136673437015,0.21963690135335512
20.496121962865193,0.43919192986500105,1.328009049097697,0.05312380710323342,100,10,10,log2,,"{'clf__n_estimators': 100, 'clf__min_samples_split': 10, 'clf__min_samples_leaf': 10, 'clf__max_features': 'log2', 'clf__max_depth': None}",-1.2139697581695308,-1.2387351374410622,-1.2279432494382077,-1.226882715016267,0.010138196833782975,61,-1.1128769434457058,-1.1057004087404476,-1.1089075487137567,-1.1091616336333034,0.002935311676091587,0.32773407615104133,0.3233659287971391,0.3241010698457468,0.32506702493130907,0.0019096212097068639,61,0.3897872908300616,0.38957195506277165,0.39017510794176746,0.3898447846115336,0.0002495696296175964,0.06477775968022453
73.56737351417542,1.290378329702213,0.7533053557078043,0.0418048151788719,100,10,1,,5,"{'clf__n_estimators': 100, 'clf__min_samples_split': 10, 'clf__min_samples_leaf': 1, 'clf__max_features': None, 'clf__max_depth': 5}",-1.377264821090737,-1.4021823297391018,-1.3906814111158328,-1.3900428539818905,0.010182546365237447,86,-1.3890548422406783,-1.3750912013944987,-1.3820174328121024,-1.3820544921490932,0.005700692733701619,0.2373053767572233,0.23408619836197875,0.23452482157572307,0.23530546556497503,0.0014254428934121336,86,0.23835341952103373,0.2408484006677546,0.23998296091968818,0.23972826036949216,0.0010343716315798545,0.004422794804517127
205.74139388402304,2.376284787660276,1.9753708044687908,0.15898278839309185,100,10,5,,,"{'clf__n_estimators': 100, 'clf__min_samples_split': 10, 'clf__min_samples_leaf': 5, 'clf__max_features': None, 'clf__max_depth': None}",-1.0801315509995049,-1.094617850421146,-1.0877094636207936,-1.0874862883471481,0.005916112075534878,14,-0.5411718124217244,-0.5326316526551174,-0.5344894123558531,-0.5360976258108984,0.003667273746489317,0.40185030959421497,0.4020870885508213,0.4012901955230411,0.4017425312226925,0.00033413745420829476,14,0.7032646603659489,0.7059481068906162,0.7060666161266139,0.705093127794393,0.001293826614456735,0.30335059657170055
8.635316689809164,0.592420744159715,0.7006332079569498,0.050462416297702165,100,10,10,log2,5,"{'clf__n_estimators': 100, 'clf__min_samples_split': 10, 'clf__min_samples_leaf': 10, 'clf__max_features': 'log2', 'clf__max_depth': 5}",-1.468179424413481,-1.4958348593839783,-1.4807506201136456,-1.4815883013037014,0.01130581128399558,98,-1.4855581408220881,-1.4697226889485828,-1.4784855090162259,-1.4779221129289655,0.0064770592798934585,0.18695915570614596,0.18293039394767607,0.18494787082550446,0.18494580682644216,0.0016447357481160808,98,0.1854387288016186,0.18860485125734539,0.18693197914354165,0.18699185306750188,0.0012932572613990729,0.0020460462410597235
113.45305196444194,0.9695363453513597,1.9396132628122966,0.13563812057431407,100,10,1,0.5,25,"{'clf__n_estimators': 100, 'clf__min_samples_split': 10, 'clf__min_samples_leaf': 1, 'clf__max_features': 0.5, 'clf__max_depth': 25}",-1.0702293480735852,-1.0880265000983549,-1.0791285905164663,-1.0791281462294688,0.007265656896029635,9,-0.487996668297975,-0.4787555009413482,-0.4832102407495077,-0.48332080332961036,0.003773500725796962,0.40733390055958685,0.4056874806514664,0.40601338037189927,0.4063449205276508,0.0007118584993384808,9,0.7324216565166541,0.735691709858839,0.734266726519899,0.7341266976317975,0.0013386605948511533,0.3277817771041467
23.54625153541565,0.7309794817870173,1.2001865704854329,0.043748623360392896,100,5,5,sqrt,15,"{'clf__n_estimators': 100, 'clf__min_samples_split': 5, 'clf__min_samples_leaf': 5, 'clf__max_features': 'sqrt', 'clf__max_depth': 15}",-1.215159831244007,-1.2380129196332326,-1.2297497686624221,-1.227640839846554,0.009448160236936355,64,-1.1085821222654286,-1.0986389956190765,-1.1037114264173145,-1.10364418143394,0.004059542937506726,0.32707504360968154,0.32376042570034036,0.3231067043394351,0.32464739121648567,0.0017372315161520964,64,0.392142227270476,0.39347037507971183,0.3930326272383263,0.39288174319617136,0.0005526111631320624,0.06823435197968569
275.4399106502533,1.1675119660067774,3.2141690254211426,0.1402046246970217,100,2,1,,,"{'clf__n_estimators': 100, 'clf__min_samples_split': 2, 'clf__min_samples_leaf': 1, 'clf__max_features': None, 'clf__max_depth': None}",-1.063375319249473,-1.0761409027091517,-1.0684103898437178,-1.069308870600781,0.005250109904856919,5,-0.15278225106029739,-0.1506990064158884,-0.15172632029543956,-0.15173585925720845,0.0008505078114312642,0.41112948936113725,0.41217974837445026,0.41191301813708403,0.41174075195755716,0.00044573364708675524,5,0.916226432866938,0.9168030515922261,0.9165606844286681,0.9165300562959441,0.0002363977586947489,0.5047893043383869
94.49837644894917,1.665126898064227,1.4613017241160076,0.01918636950032876,100,5,10,0.5,,"{'clf__n_estimators': 100, 'clf__min_samples_split': 5, 'clf__min_samples_leaf': 10, 'clf__max_features': 0.5, 'clf__max_depth': None}",-1.1077643899941656,-1.124921579757972,-1.118321845458043,-1.11700260507006,0.007066238346238584,27,-0.8196409023789676,-0.8110461956010958,-0.8132567666615869,-0.8146479548805501,0.0036440636332566337,0.38654793825398837,0.38553428792859645,0.3844401691535516,0.38550746511204553,0.0008607021330691912,27,0.550574483070361,0.5522427778619279,0.5527632393518426,0.5518601667613772,0.00093361553672793,0.16635270164933164
131.271214167277,0.6887346621828818,2.497289498647054,0.12343655240224384,100,5,1,0.5,,"{'clf__n_estimators': 100, 'clf__min_samples_split': 5, 'clf__min_samples_leaf': 1, 'clf__max_features': 0.5, 'clf__max_depth': None}",-1.0520785828688637,-1.0674298758080931,-1.0563212730548976,-1.0586099105772846,0.006472709118968539,2,-0.24267830795288117,-0.2398046600712465,-0.24152977198595002,-0.24133758000335925,0.0011810070153714799,0.4173853378847773,0.4169379710309876,0.4185672516350992,0.4176301868502881,0.0006873146216337598,2,0.8669346250500976,0.8676101693940047,0.8671747998279685,0.8672398647573569,0.00027960105379328697,0.44960967790706885
10.775811910629272,0.4144074221359488,0.8478216330210367,0.05050272971029028,100,5,1,sqrt,5,"{'clf__n_estimators': 100, 'clf__min_samples_split': 5, 'clf__min_samples_leaf': 1, 'clf__max_features': 'sqrt', 'clf__max_depth': 5}",-1.4435954147030516,-1.474374752117262,-1.4598401104321552,-1.4592700924174895,0.012572074697976105,89,-1.4606865145329515,-1.446657911404152,-1.457372216386979,-1.4549055474413608,0.00598686162647277,0.20057316205900078,0.19465254447803448,0.19645767889616694,0.19722779514440072,0.0024776652197659866,89,0.19907633945456749,0.20133830685893772,0.19854287620485112,0.19965250750611876,0.0012117715277430458,0.00242471236171804
164.03343296051025,3.532365192709517,1.237914244333903,0.2864744523332934,100,2,5,,15,"{'clf__n_estimators': 100, 'clf__min_samples_split': 2, 'clf__min_samples_leaf': 5, 'clf__max_features': None, 'clf__max_depth': 15}",-1.1378596246257546,-1.1487437671505625,-1.1433275179623938,-1.1433103032462368,0.0044434492521705045,39,-0.8910162171818451,-0.865165218235819,-0.8732013913801675,-0.8764609422659438,0.010802377534894318,0.36988195413296465,0.3725218987961594,0.37067625351558486,0.3710267021482363,0.0011058745074308159,39,0.5114379689479027,0.5223650922613047,0.5197977100424953,0.5178669237505675,0.004665222949684554,0.14684022160233123
96.81588737169902,4.574483981789129,1.3137989044189453,0.22488292252733175,100,10,10,0.5,,"{'clf__n_estimators': 100, 'clf__min_samples_split': 10, 'clf__min_samples_leaf': 10, 'clf__max_features': 0.5, 'clf__max_depth': None}",-1.1077643899941656,-1.124921579757972,-1.118321845458043,-1.11700260507006,0.007066238346238584,27,-0.8196409023789676,-0.8110461956010958,-0.8132567666615869,-0.8146479548805501,0.0036440636332566337,0.38654793825398837,0.38553428792859645,0.3844401691535516,0.38550746511204553,0.0008607021330691912,27,0.550574483070361,0.5522427778619279,0.5527632393518426,0.5518601667613772,0.00093361553672793,0.16635270164933164
