id,title,startYear,runtimeMinutes,numVotes,countryOfOrigin,awardsOrNominations,awards,nominations
tt0359950,The Secret Life of Walter Mitty,2013,114,359965,"US,GB",True,5.0,18.0
tt0369610,Jurassic World,2015,124,713013,"JP,US",True,15.0,58.0
tt0062622,2001: A Space Odyssey,1968,149,761423,"GB,US",True,18.0,14.0
tt0435651,The Giver,2014,97,129132,"CA,ZA,US",True,3.0,6.0
tt0437086,Alita: Battle Angel,2019,122,315371,"JP,CA,US",True,10.0,25.0
tt0088178,Stop Making Sense,1984,88,23081,US,True,3.0,1.0
tt0145487,Spider-Man,2002,121,935251,US,True,17.0,65.0
tt0064816,The Swimming Pool,1969,122,15502,"FR,IT",False,0.0,0.0
tt0439572,The Flash,2023,144,238911,"US,CA,AU,NZ",True,5.0,7.0
tt0448115,Shazam!,2019,132,404583,"US,CA",True,0.0,27.0
tt0490215,Silence,2016,161,129108,"US,GB,IT,TW,MX,JP",True,8.0,62.0
tt0455944,The Equalizer,2014,132,451499,US,True,1.0,9.0
tt0478970,Ant-Man,2015,117,760147,US,True,4.0,34.0
tt0493405,CHIPS,2017,100,53235,US,True,2.0,1.0
tt0451279,Wonder Woman,2017,141,724920,"US,CN,HK",True,38.0,75.0
tt0790636,Dallas Buyers Club,2013,117,538330,US,True,85.0,88.0
tt0783640,The Last Full Measure,2019,116,15030,US,True,0.0,1.0
tt0816442,The Book Thief,2013,131,145863,"DE,US,GB",True,9.0,17.0
tt0787474,The Boxtrolls,2014,96,63697,"US,CA",True,8.0,61.0
tt0810819,The Danish Girl,2015,119,204330,"GB,US,DE,DK,BE,JP",True,32.0,82.0
tt0831387,Godzilla,2014,123,457043,"US,JP",True,7.0,31.0
tt0816692,Interstellar,2014,169,2390667,"US,GB,CA",True,44.0,148.0
tt0837563,Pet Sematary,2019,100,102556,"US,CA",True,1.0,9.0
tt0864835,Mr. Peabody & Sherman,2014,92,81966,"US,IN",True,2.0,16.0
tt0884732,The Wedding Ringer,2015,101,83439,US,True,2.0,4.0
tt0903657,Love & Mercy,2014,121,44762,US,True,20.0,58.0
tt0884726,Legends of Oz: Dorothy's Return,2013,88,6470,"US,IN,RU,NL",True,1.0,5.0
tt0870154,Jungle Cruise,2021,127,223270,"US,HU,CA",True,6.0,11.0
tt0859635,Super Troopers 2,2018,99,29385,US,True,2.0,2.0
tt0918940,The Legend of Tarzan,2016,110,194554,"GB,CA,US,AU",True,2.0,4.0
tt10039344,Countdown,2019,90,50742,US,False,0.0,0.0
tt0974015,Justice League,2017,120,496044,"US,CA,GB",True,2.0,14.0
tt0993846,The Wolf of Wall Street,2013,180,1711865,US,True,38.0,180.0
tt10011448,Linda Ronstadt: The Sound of My Voice,2019,95,2604,US,True,6.0,6.0
tt10016180,The Little Things,2021,128,135693,US,True,1.0,2.0
tt10059518,Unhinged,2020,90,84443,"GB,US",True,0.0,1.0
tt1020072,Selma,2014,128,97979,"US,GB,FR",True,58.0,91.0
tt10195452,American Skin,2019,90,4111,"IT,US",True,1.0,5.0
tt10098448,Jesus Revolution,2023,120,15940,US,True,1.0,2.0
tt10160976,The Nun II,2023,110,72765,US,True,1.0,12.0
tt10314450,Becky,2020,93,28221,US,True,1.0,1.0
tt1025100,Gemini Man,2019,117,128550,"US,CN,CO",True,1.0,6.0
tt1029360,Poltergeist,2015,93,63529,"US,CA",True,1.0,6.0
tt10298810,Lightyear,2022,105,132208,"US,CA",True,2.0,22.0
tt10298840,Strange World,2022,102,49227,"US,JP",True,0.0,9.0
tt10362466,After We Collided,2020,105,42417,US,True,1.0,0.0
tt10342730,Spiral,2021,93,74273,"US,CA",True,0.0,2.0
tt10341196,Gigi & Nate,2022,114,2419,"US,GB",True,0.0,1.0
tt10327252,The Forever Purge,2021,103,47029,"CN,US",True,1.0,0.0
tt10366206,John Wick: Chapter 4,2023,169,390445,"US,DE",True,38.0,51.0
tt10473036,The Amazing Maurice,2022,93,6339,"GB,DE,CA",True,0.0,1.0
tt1043726,The Legend of Hercules,2014,99,57275,"US,BG,DE",True,1.0,7.0
tt10403420,Terrifier 2,2022,138,76070,US,True,6.0,12.0
tt10370710,The Worst Person in the World,2021,128,114719,"NO,FR,SE,DK",True,42.0,110.0
tt10638522,Talk to Me,2022,95,194633,"AU,GB",True,22.0,50.0
tt10515926,Half Brothers,2020,96,4488,"MX,US",True,0.0,1.0
tt10545296,The Hunger Games: The Ballad of Songbirds & Snakes,2023,157,167799,"US,CA",True,7.0,27.0
tt10648342,Thor: Love and Thunder,2022,118,442300,"AU,US",True,4.0,21.0
tt10633456,Minari,2020,115,105322,US,True,120.0,241.0
tt1051904,Goosebumps,2015,103,99663,"US,AU",True,0.0,4.0
tt10676048,The Marvels,2023,105,154778,US,True,4.0,12.0
tt10720352,Arthur the King,2024,107,35860,"US,CA",True,3.0,1.0
tt10655524,It Ends with Us,2024,130,91317,US,True,1.0,5.0
tt10661180,The Last Shift,2020,90,4391,US,True,1.0,1.0
tt10665338,Halloween Kills,2021,105,104899,US,True,3.0,10.0
tt1083452,Eddie the Eagle,2015,106,104875,"GB,DE,US",True,2.0,9.0
tt10731256,Don't Worry Darling,2022,123,168944,US,True,10.0,18.0
tt1072748,Winchester,2018,99,38415,"AU,US",True,6.0,10.0
tt1082807,The Belko Experiment,2016,89,64518,"US,CO",False,0.0,0.0
tt10838180,The Matrix Resurrections,2021,148,295981,"US,AU",,,
tt1091191,Lone Survivor,2013,121,317909,"GB,US",True,6.0,16.0
tt10919380,Freaky,2020,102,78933,US,True,1.0,18.0
tt10855768,Missing,2023,111,69125,"US,RU",True,3.0,1.0
tt10944596,Here Today,2021,117,6381,US,False,0.0,0.0
tt10954600,Ant-Man and the Wasp: Quantumania,2023,124,257193,"US,AU,CA",True,0.0,14.0
tt10872600,Spider-Man: No Way Home,2021,148,971189,US,True,35.0,71.0
tt1086064,Bill & Ted Face the Music,2020,91,55509,"BS,US",True,0.0,12.0
tt1086772,Blended,2014,117,153850,US,True,1.0,10.0
tt10954984,Nope,2022,130,304196,"CA,JP,US",True,42.0,179.0
tt10954652,Old,2021,108,178500,"CN,JP,US",True,1.0,7.0
tt11020728,Long Weekend,2021,91,2207,US,False,0.0,0.0
tt11083552,Wrath of Man,2021,119,228698,"GB,US",True,0.0,1.0
tt11003218,Pig,2021,92,100957,"US,GB",True,38.0,75.0
tt1109624,Paddington,2014,95,149777,"GB,FR",True,3.0,7.0
tt11084896,Spirit Untamed,2021,88,5234,"US,GB",True,1.0,9.0
tt11057302,Madame Web,2024,116,105718,"US,MX,CA",True,6.0,7.0
tt11032374,Demon Slayer: Kimetsu no Yaiba - The Movie: Mugen Train,2020,117,88314,JP,True,6.0,6.0
tt11128440,Clerks III,2022,100,20952,US,False,0.0,0.0
tt11125620,The Addams Family 2,2021,93,17057,"US,CA,VN,FR,GB",True,2.0,3.0
tt11138512,The Northman,2022,137,285143,"GB,CN,US",True,5.0,54.0
tt11229780,Infidel,2019,108,4103,US,True,0.0,1.0
tt11245972,Scream,2022,114,177288,US,True,5.0,20.0
tt11152168,IF,2024,104,60926,"CA,US",True,0.0,7.0
tt11169050,Supernova,2020,95,15702,GB,True,3.0,10.0
tt11214590,House of Gucci,2021,158,170105,"US,CA,GB",True,17.0,79.0
tt11271038,Licorice Pizza,2021,133,150524,"US,CA",True,61.0,197.0
tt1126590,Big Eyes,2014,106,103029,"US,CA",True,3.0,18.0
tt11252248,Dog,2022,101,50166,US,True,2.0,1.0
tt11145118,Creed III,2023,116,102453,US,True,2.0,26.0
tt11285280,Together Together,2021,90,9822,US,True,2.0,8.0
tt11304740,Wish,2023,95,47972,US,True,1.0,22.0
tt11349958,Merci pour tout,2019,99,317,CA,True,0.0,2.0
tt7378922,"Summer of Soul (...Or, When the Revolution Could Not Be Televised)",2021,118,14873,US,True,74.0,44.0
tt11466222,Jackass Forever,2022,96,53848,US,True,3.0,5.0
tt11614912,She Dies Tomorrow,2020,86,7685,US,True,0.0,8.0
tt1170358,The Hobbit: The Desolation of Smaug,2013,161,737310,"NZ,US",True,19.0,90.0
tt1137450,Death Wish,2018,107,79996,"US,CA",True,0.0,4.0
tt11389872,Kingdom of the Planet of the Apes,2024,145,158504,US,True,4.0,62.0
tt11535358,Family Camp,2022,111,3035,US,True,1.0,1.0
tt1160419,Dune: Part One,2021,155,972425,"US,CA",True,175.0,298.0
tt11762114,Mean Girls,2024,112,38448,US,True,1.0,5.0
tt11832046,PAW Patrol: The Movie,2021,86,9191,"CA,US",True,3.0,4.0
tt11729298,American Underdog,2021,112,26808,US,False,0.0,0.0
tt11813216,The Banshees of Inisherin,2022,114,283578,"IE,GB,US",True,150.0,374.0
tt1200263,The Color Purple,2023,141,19573,US,True,39.0,99.0
tt11858890,The Creator,2023,133,189051,US,True,13.0,47.0
tt11790780,The Alpinist,2021,92,16166,US,True,2.0,2.0
tt1179933,10 Cloverfield Lane,2016,103,375012,US,True,16.0,48.0
tt1204977,Ouija,2014,89,60528,"JP,US",True,1.0,0.0
tt12003946,Violent Night,2022,112,115090,"CA,US",True,1.0,3.0
tt1213641,First Man,2018,141,211869,"CN,JP,US",True,32.0,192.0
tt12193804,Whitney Houston: I Wanna Dance with Somebody,2022,144,26080,US,True,1.0,7.0
tt1219827,Ghost in the Shell,2017,107,236008,"US,IN,HK,CN,CA",True,3.0,6.0
tt1206885,Rambo: Last Blood,2019,89,116479,"US,HK,FR,BG,ES,SE,PT",True,4.0,8.0
tt1226837,Beautiful Boy,2018,120,118443,US,True,10.0,31.0
tt1211837,Doctor Strange,2016,115,854485,"US,HK,NP",True,21.0,68.0
tt1205537,Jack Ryan: Shadow Recruit,2014,105,141284,"US,RU,GB",True,0.0,3.0
tt12261776,65,2023,93,102240,"US,IE,AU,CA",True,0.0,1.0
tt1212428,The Lost City of Z,2016,141,103658,US,True,5.0,31.0
tt1229340,Anchorman 2: The Legend Continues,2013,119,198708,US,True,1.0,23.0
tt1255919,Holmes & Watson,2018,90,41032,"US,CA",True,4.0,4.0
tt12584954,Twisters,2024,122,181519,"JP,US",True,0.0,36.0
tt12593682,Bullet Train,2022,127,504139,"US,JP",True,2.0,19.0
tt1234721,RoboCop,2014,117,246099,"US,CA",True,4.0,1.0
tt1230168,Same Kind of Different as Me,2017,119,9004,US,True,1.0,1.0
tt1270797,Venom,2018,112,586517,"US,CN",True,2.0,9.0
tt1259528,Den of Thieves,2018,140,147622,US,True,0.0,1.0
tt1267297,Hercules,2014,98,169215,"HU,US",True,0.0,2.0
tt1253863,300: Rise of an Empire,2014,102,325093,"US,BG",True,2.0,7.0
tt12412888,Sonic the Hedgehog 2,2022,122,110116,"US,JP,GB",True,2.0,3.0
tt12758486,Chevalier,2022,108,7749,US,True,1.0,7.0
tt12873300,Sight,2023,103,1813,US,True,8.0,4.0
tt12789558,Belfast,2021,98,98782,GB,True,63.0,259.0
tt1291150,Teenage Mutant Ninja Turtles,2014,101,226465,US,True,1.0,11.0
tt12873562,The Invitation,2022,105,39187,"US,HU",True,1.0,3.0
tt12844910,Pathaan,2023,146,162442,IN,True,11.0,57.0
tt1285009,The Strangers: Prey at Night,2018,85,38520,"GB,US",False,0.0,0.0
tt1293847,xXx: Return of Xander Cage,2017,107,100244,"CN,CA,US",True,2.0,7.0
tt1292566,How to Be Single,2016,110,97655,US,True,0.0,3.0
tt12921446,The Exorcist: Believer,2023,111,48299,US,True,1.0,22.0
tt13087796,I'm Your Man,2021,108,14492,DE,True,10.0,15.0
tt1298644,The Hustle,2019,93,69653,"US,ES",True,3.0,4.0
tt12971924,The Call,2020,97,5555,"US,CA",False,0.0,0.0
tt13204490,Petite Maman,2021,73,19862,FR,True,9.0,37.0
tt13238346,Past Lives,2023,105,158672,"US,KR",True,82.0,236.0
tt13223398,Beast,2022,93,46883,"IS,JP,US",True,0.0,2.0
tt1322269,August: Osage County,2013,121,98101,US,True,16.0,67.0
tt13097932,One Life,2023,109,36080,"GB,CZ,AU,US",True,3.0,1.0
tt13320622,The Lost City,2022,112,171926,US,True,3.0,10.0
tt13287846,Napoleon,2023,158,177084,"GB,US",True,5.0,46.0
tt1340138,Terminator Genisys,2015,126,302190,"US,CA",True,0.0,9.0
tt13345606,Evil Dead Rise,2023,96,159037,"IE,NZ,US",True,4.0,32.0
tt13321244,Origin,2023,141,7678,US,True,8.0,32.0
tt13327144,The Forgotten Carols,2020,130,85,US,False,0.0,0.0
tt13375076,The Pope's Exorcist,2023,103,98102,"US,ES,GB",True,1.0,3.0
tt13405778,Insidious: The Red Door,2023,107,59962,"US,CA",True,0.0,2.0
tt13429870,Robot Dreams,2023,103,22408,"ES,FR",True,27.0,44.0
tt13502506,L'Arracheuse de temps,2021,105,327,CA,True,4.0,14.0
tt13433802,A Quiet Place: Day One,2024,99,159056,"US,GB,CA",True,5.0,11.0
tt13521006,Beau Is Afraid,2023,179,74147,"US,GB,FI,CA",True,0.0,31.0
tt1361336,Tom & Jerry,2021,101,42056,US,True,0.0,7.0
tt1365519,Tomb Raider,2018,119,236317,"GB,US",True,0.0,8.0
tt1355631,The Infiltrator,2016,127,83466,"GB,US",True,0.0,1.0
tt1355630,If I Stay,2014,107,130300,US,True,3.0,1.0
tt13669038,Women Talking,2022,104,46573,US,True,65.0,164.0
tt13751694,Animal,2023,204,108730,IN,True,40.0,59.0
tt1371150,This Is Where I Leave You,2014,103,92770,US,True,0.0,1.0
tt1355683,Black Mass,2015,123,199524,"US,GB",True,6.0,24.0
tt1355644,Passengers,2016,116,480323,"HK,AU,US",True,2.0,12.0
tt13820428,Witnesses,2021,110,468,US,False,0.0,0.0
tt1390411,In the Heart of the Sea,2015,122,156230,"US,AU,ES",True,1.0,6.0
tt13833688,The Whale,2022,117,251380,US,True,50.0,122.0
tt13848804,Journey to Bethlehem,2023,99,3470,"US,ES",True,0.0,3.0
tt1386697,Suicide Squad,2016,123,746438,US,True,18.0,41.0
tt1396484,It,2017,135,653607,"US,CA",True,12.0,49.0
tt13957560,Dumb Money,2023,105,59067,US,True,1.0,2.0
tt1392190,Mad Max: Fury Road,2015,120,1177552,"AU,US",True,245.0,234.0
tt1389139,When the Bough Breaks,2016,107,8619,US,True,0.0,1.0
tt14051976,Camp Hideout,2023,100,1162,US,False,0.0,0.0
tt1398426,Straight Outta Compton,2015,147,229240,"US,JP",True,28.0,40.0
tt14109724,Ticket to Paradise,2022,104,79094,"GB,JP,US",True,0.0,4.0
tt1413492,12 Strong,2018,130,98013,US,True,0.0,3.0
tt14061478,Lamb of God: The Concert Film,2021,90,165,US,False,0.0,0.0
tt1418377,"I, Frankenstein",2014,92,85285,"US,AU",True,0.0,1.0
tt14088510,Tarot,2024,92,33881,"RS,US",True,1.0,0.0
tt14097180,Somewhere in Queens,2022,106,6139,US,True,0.0,2.0
tt14208870,The Fabelmans,2022,151,129986,"US,IN",True,32.0,297.0
tt14209916,Cocaine Bear,2023,95,122536,"US,IE,NZ,NL,GB",True,1.0,10.0
tt14230388,Asteroid City,2023,105,136948,US,True,4.0,84.0
tt1408253,Ride Along,2014,99,127393,US,True,1.0,7.0
tt1433813,Hubble,2010,45,4617,"US,CA",True,1.0,0.0
tt14351082,Cabrini,2024,142,9262,US,True,4.0,11.0
tt14362112,Trolls Band Together,2023,91,18794,"US,GB",True,5.0,6.0
tt1431045,Deadpool,2016,108,1220171,US,True,29.0,78.0
tt14439896,Father Stu,2022,124,34617,"US,KR",True,2.0,5.0
tt14230458,Poor Things,2023,141,350604,"IE,GB,US,HU",True,120.0,419.0
tt14454876,Golda,2023,100,14504,"GB,US",True,1.0,10.0
tt14444726,Tár,2022,158,105495,US,True,79.0,271.0
tt14331144,Jujutsu Kaisen 0,2021,112,52363,JP,True,1.0,2.0
tt1430612,Brick Mansions,2014,90,45192,"FR,CA,US,ES",True,0.0,1.0
tt14539740,Godzilla x Kong: The New Empire,2024,115,126722,"US,AU",True,4.0,5.0
tt14561712,La Chimera,2023,131,18869,"IT,FR,CH,TR",True,14.0,53.0
tt1448754,Thanksgiving,2023,106,74009,"US,CA,AU",True,1.0,13.0
tt14537248,Nefarious,2023,97,35922,US,True,1.0,1.0
tt14614892,Dragon Ball Super: Super Hero,2022,100,17696,JP,True,0.0,2.0
tt1454468,Gravity,2013,91,886560,"GB,US",True,240.0,188.0
tt1458169,Kidnap,2017,95,40494,US,True,2.0,4.0
tt14570440,Radical,2023,125,7067,"US,MX",True,18.0,23.0
tt1464335,Uncharted,2022,116,287908,"ES,US",True,0.0,3.0
tt1462764,Indiana Jones and the Dial of Destiny,2023,154,223747,US,True,8.0,36.0
tt14849194,The Holdovers,2023,133,205316,US,True,137.0,209.0
tt14668630,"Lyle, Lyle, Crocodile",2022,106,17325,"US,GB,IT",True,1.0,2.0
tt1485796,The Greatest Showman,2017,105,334620,"US,CN",True,17.0,32.0
tt1489887,Booksmart,2019,102,137074,US,True,29.0,60.0
tt1478839,The Art of Racing in the Rain,2019,109,43070,US,False,0.0,0.0
tt1477834,Aquaman,2018,143,542416,US,True,3.0,36.0
tt1469304,Baywatch,2017,116,213361,"GB,CN,US",True,5.0,11.0
tt1490017,The Lego Movie,2014,100,405854,"US,DK,AU,NO",True,72.0,67.0
tt1489889,Central Intelligence,2016,107,229608,"US,CN",True,2.0,8.0
tt14966898,Late Night with the Devil,2023,93,132667,"AU,AE,US",True,11.0,38.0
tt15078804,Problemista,2023,104,8810,US,True,2.0,16.0
tt15109082,The Quiet Girl,2022,95,26641,IE,True,33.0,43.0
tt1502397,Bad Boys for Life,2020,124,192338,US,True,3.0,15.0
tt15239678,Dune: Part Two,2024,166,658003,"US,CA,AE,HU,IT,NZ,JO,GM",True,113.0,371.0
tt1502407,Halloween,2018,106,180403,US,True,4.0,27.0
tt1502712,Fantastic Four,2015,100,188257,"US,DE,GB,CA",True,8.0,4.0
tt1517451,A Star Is Born,2018,136,439288,US,True,99.0,288.0
tt15242330,The First Slam Dunk,2022,124,11884,JP,True,1.0,5.0
tt1517268,Barbie,2023,114,621715,"US,GB",True,209.0,434.0
tt1524930,Vacation,2015,99,128269,US,True,1.0,3.0
tt15325794,Fall,2022,107,126502,"GB,US",True,0.0,4.0
tt15339456,Marcel the Shell with Shoes On,2021,90,32223,US,True,38.0,67.0
tt15339570,Champions,2023,124,34221,US,True,3.0,3.0
tt1528100,Exodus: Gods and Kings,2014,150,184296,"GB,ES,US",True,0.0,6.0
tt15255876,Emily the Criminal,2022,97,64815,US,True,9.0,25.0
tt15314262,The Beekeeper,2024,105,166242,"GB,US",True,1.0,6.0
tt1528854,Daddy's Home,2015,96,135713,US,True,1.0,4.0
tt15474916,Smile,2022,115,222834,US,True,3.0,22.0
tt15428940,Jules,2023,87,16560,US,True,2.0,5.0
tt15398776,Oppenheimer,2023,180,926732,"US,GB",True,363.0,366.0
tt1563742,Overboard,2018,112,43178,US,True,3.0,7.0
tt15671028,No Hard Feelings,2023,103,203847,US,True,1.0,10.0
tt1560220,Zombieland: Double Tap,2019,99,218033,US,True,0.0,6.0
tt15574270,I Saw the TV Glow,2024,100,39747,"US,GB",True,12.0,91.0
tt15791034,Barbarian,2022,102,233406,"BG,US",True,5.0,38.0
tt15488088,Moving On,2022,85,4286,US,True,0.0,2.0
tt1571249,The Skeleton Twins,2014,93,46168,US,True,4.0,12.0
tt15837338,PAW Patrol: The Mighty Movie,2023,88,6137,"CA,US",True,1.0,8.0
tt1587310,Maleficent,2014,97,416638,"US,CA,GB",True,12.0,44.0
tt15789038,Elemental,2023,101,154447,US,True,2.0,68.0
tt1609486,Harold and the Purple Crayon,2024,90,9171,US,True,0.0,2.0
tt1615160,The Foreigner,2017,113,129317,"GB,CN,US,IN,CH",True,0.0,1.0
tt1594972,Norm of the North,2016,90,10486,"US,IN,IE,CN",False,0.0,0.0
tt1590193,The Commuter,2018,104,130762,"US,GB,FR,CN,CA,ES",True,0.0,2.0
tt1619029,Jackie,2016,100,85867,"US,FR,CL,CN",True,44.0,170.0
tt1617661,Jupiter Ascending,2015,127,199311,"US,AU",True,4.0,16.0
tt1596345,Pawn Sacrifice,2014,115,52832,US,True,1.0,1.0
tt1620680,A Wrinkle in Time,2018,109,49137,US,True,5.0,17.0
tt1618442,The Last Witch Hunter,2015,106,114349,"US,CN,CA",True,0.0,1.0
tt1596363,The Big Short,2015,130,518754,US,True,37.0,81.0
tt16227014,Fire of Love,2022,98,16032,"CA,US",True,35.0,70.0
tt1631867,Edge of Tomorrow,2014,113,782061,"US,CA,IN",True,11.0,38.0
tt1620981,The Addams Family,2019,86,47629,"CA,US,GB,VN",True,4.0,6.0
tt16419074,Air,2023,111,186774,US,True,5.0,48.0
tt1638355,The Man from U.N.C.L.E.,2015,116,349753,"GB,US",True,8.0,7.0
tt1630029,Avatar: The Way of Water,2022,192,543251,US,True,73.0,152.0
tt1628841,Independence Day: Resurgence,2016,120,196136,"US,IN",True,3.0,17.0
tt1646971,How to Train Your Dragon 2,2014,102,389598,"US,IN",True,15.0,61.0
tt16428256,Suzume,2022,122,56331,JP,True,4.0,29.0
tt16426418,Challengers,2024,131,162727,"IT,US",True,74.0,151.0
tt1661382,Grudge Match,2013,113,64180,US,True,1.0,1.0
tt1661199,Cinderella,2015,105,200668,"GB,US,DK,CA,IT",True,10.0,40.0
tt1648190,The Dark Tower,2017,95,152128,US,True,0.0,4.0
tt1655441,The Age of Adaline,2015,112,222766,"US,CA",True,1.0,10.0
tt1677720,Ready Player One,2018,140,524325,"US,IN,SG,CA,GB,JP,AU",True,11.0,57.0
tt1663202,The Revenant,2015,156,919818,"US,HK,TW,AR",True,94.0,193.0
tt1679335,Trolls,2016,92,97955,"US,IN,GB,DE",True,4.0,37.0
tt1674771,Entourage,2015,104,84762,US,False,0.0,0.0
tt1661275,Their Finest,2016,117,21913,"GB,SE,FR",True,1.0,7.0
tt1666801,The DUFF,2015,101,105375,US,True,1.0,8.0
tt1695843,Haunted Mansion,2023,123,47991,"US,CA",True,0.0,8.0
tt1698641,"Alexander and the Terrible, Horrible, No Good, Very Bad Day",2014,81,48217,"US,AU",True,1.0,8.0
tt1684562,The Fall Guy,2024,126,232550,"CA,AU,US",True,22.0,46.0
tt1686821,Vampire Academy,2014,104,58077,"GB,US,IN",True,0.0,2.0
tt1691916,Before I Fall,2017,98,59184,US,True,2.0,2.0
tt1706620,Snowpiercer,2013,126,410497,"KR,CZ",True,35.0,108.0
tt17024450,The Equalizer 3,2023,109,151669,"US,IT,AU",True,0.0,6.0
tt1700841,Sausage Party,2016,89,221593,"CA,US",True,1.0,26.0
tt1727824,Bohemian Rhapsody,2018,134,627824,"GB,US",True,50.0,80.0
tt17009710,Anatomy of a Fall,2023,151,180360,FR,True,127.0,189.0
tt1730768,The Zookeeper's Wife,2017,127,48524,"CZ,GB,US",True,2.0,4.0
tt17279496,Civil War,2024,109,249004,"US,GB,FI",True,8.0,58.0
tt1742044,Jersey Boys,2014,134,37994,US,True,4.0,2.0
tt1745960,Top Gun: Maverick,2022,130,798007,US,True,111.0,235.0
tt1762399,Walking with Dinosaurs 3D,2013,87,12269,"IN,GB,AU,US",True,0.0,2.0
tt17351924,Saltburn,2023,131,249291,"GB,US",True,15.0,107.0
tt1741273,Secret in Their Eyes,2015,111,54005,"US,GB,ES,KR",True,2.0,3.0
tt17663992,Scream VI,2023,122,141334,"US,CA,GB",True,4.0,27.0
tt1753383,A Dog's Purpose,2017,100,84099,"US,IN",True,0.0,3.0
tt17527468,Bottoms,2023,91,53896,US,True,5.0,24.0
tt1791528,Inherent Vice,2014,148,115218,US,True,15.0,99.0
tt1798603,Bad Santa 2,2016,92,30250,"US,GB,CA",True,1.0,2.0
tt1798684,Southpaw,2015,124,271178,"US,CN,HK",True,0.0,11.0
tt1798709,Her,2013,126,708886,US,True,83.0,187.0
tt1790809,Pirates of the Caribbean: Dead Men Tell No Tales,2017,129,371264,"US,AU,GB,CA",True,1.0,14.0
tt1772288,Danny Collins,2015,106,34363,US,True,2.0,3.0
tt1781922,No Escape,2015,103,96997,US,True,2.0,1.0
tt1800241,American Hustle,2013,138,512083,"US,CN",True,70.0,228.0
tt1790864,The Maze Runner,2014,113,542529,"US,GB",True,4.0,12.0
tt1800246,That Awkward Moment,2014,94,109495,US,True,1.0,2.0
tt1823664,Annie,2014,118,42549,US,True,3.0,18.0
tt1821549,Nebraska,2013,115,126752,US,True,29.0,170.0
tt1809398,Unbroken,2014,137,193024,"US,JP",True,14.0,33.0
tt1838556,Honest Thief,2020,99,61586,US,True,0.0,1.0
tt1810683,Little Boy,2015,106,24688,"MX,US",True,0.0,2.0
tt1821658,The Nut Job,2014,85,31610,"CA,KR,US",True,1.0,5.0
tt18412256,Alien: Romulus,2024,119,261228,"GB,US,HU,AU,NZ,CA",True,14.0,55.0
tt1840309,Divergent,2014,139,509170,US,True,7.0,11.0
tt1826590,About Last Night,2014,100,25673,"US,NP",True,0.0,1.0
tt1825683,Black Panther,2018,134,885839,US,,,
tt1843866,Captain America: The Winter Soldier,2014,136,946088,US,True,5.0,52.0
tt1860213,Dirty Grandpa,2016,102,139155,"US,GB",True,2.0,11.0
tt1860357,Deepwater Horizon,2016,107,193590,"HK,US",True,4.0,15.0
tt1856080,The Boys in the Boat,2023,123,28715,US,True,2.0,6.0
tt1856101,Blade Runner 2049,2017,164,724488,"US,CA,ES",True,100.0,164.0
tt1850457,Sisters,2015,118,72482,US,True,0.0,4.0
tt1877830,The Batman,2022,176,889185,US,True,39.0,175.0
tt1877832,X-Men: Days of Future Past,2014,132,775406,"GB,US,CA",True,16.0,48.0
tt1872194,The Judge,2014,141,215184,US,True,3.0,10.0
tt1872181,The Amazing Spider-Man 2,2014,142,570745,US,True,4.0,30.0
tt1929263,Heaven Is for Real,2014,99,29553,"US,CA",True,1.0,5.0
tt1895587,Spotlight,2015,129,523413,US,True,124.0,145.0
tt1896747,Fly Me to the Moon,2024,132,53671,US,True,2.0,4.0
tt1911658,Penguins of Madagascar,2014,92,110755,"US,GB",True,0.0,8.0
tt1924435,Let's Be Cops,2014,104,142843,US,True,0.0,2.0
tt1950186,Ford v Ferrari,2019,152,537928,US,True,26.0,86.0
tt1946502,UglyDolls,2019,87,8353,"CN,LT,US,GB,CA",True,1.0,1.0
tt19406606,The Shift,2023,115,6016,US,True,2.0,1.0
tt1935859,Miss Peregrine's Home for Peculiar Children,2016,127,203119,"US,GB,BE,CA",True,2.0,12.0
tt1951264,The Hunger Games: Catching Fire,2013,146,754990,US,True,22.0,68.0
tt1951266,The Hunger Games: Mockingjay - Part 2,2015,137,399446,"US,DE,CA,FR",True,15.0,34.0
tt1951265,The Hunger Games: Mockingjay - Part 1,2014,123,530324,"US,CA,FR",True,21.0,32.0
tt1959563,The Hitman's Bodyguard,2017,118,258189,"US,HK,BG,NL,CA,GB,FR",True,1.0,8.0
tt19637052,Love Lies Bleeding,2024,104,59816,"GB,US",True,5.0,49.0
tt1961175,American Assassin,2017,111,97498,"US,HK",True,0.0,2.0
tt1959490,Noah,2014,138,272809,US,True,1.0,19.0
tt1956620,Sex Tape,2014,94,121390,US,True,2.0,3.0
tt1972591,King Arthur: Legend of the Sword,2017,126,242392,"GB,US,IN,CA",True,0.0,10.0
tt1972571,A Most Wanted Man,2014,122,83246,"GB,US,DE",True,3.0,6.0
tt1966359,Father Figures,2017,113,23209,US,True,0.0,1.0
tt1972779,The Best of Me,2014,118,79836,US,False,0.0,0.0
tt1979388,The Good Dinosaur,2015,93,135495,"US,JP",True,9.0,41.0
tt1979376,Toy Story 4,2019,100,301810,US,True,61.0,65.0
tt19770238,Aftersun,2022,102,118594,"GB,US,TR,PH,NL",True,96.0,181.0
tt19760052,The Taste of Things,2023,135,18901,"FR,BE",True,8.0,29.0
tt1981128,Geostorm,2017,111,128876,"US,HK,JP,AE",True,1.0,1.0
tt1981115,Thor: The Dark World,2013,112,759196,US,True,4.0,21.0
tt1980929,Begin Again,2013,104,173297,US,True,5.0,18.0
tt1985966,Cloudy with a Chance of Meatballs 2,2013,95,121818,"US,CA",True,0.0,16.0
tt1985949,The Angry Birds Movie,2016,97,112637,"US,FI",True,3.0,8.0
tt2006295,The 33,2015,127,40964,"CL,CO,ES,US",True,8.0,7.0
tt2015381,Guardians of the Galaxy,2014,121,1330626,"US,GB",True,52.0,103.0
tt1987680,The Upside,2017,126,67664,US,True,2.0,3.0
tt2024469,Non-Stop,2014,106,283342,"GB,FR,CA,US",True,0.0,1.0
tt2004420,Neighbors,2014,97,340177,US,True,7.0,11.0
tt1995390,Our Kind of Traitor,2016,108,25096,"GB,FR,US",True,0.0,4.0
tt2039338,Flatliners,2017,109,52876,"US,GB,CA",True,1.0,4.0
tt2024544,12 Years a Slave,2013,134,770412,"GB,US",True,244.0,338.0
tt2039393,The Gambler,2014,111,76325,US,True,1.0,3.0
tt2005151,War Dogs,2016,114,283535,"US,RO",True,0.0,3.0
tt2066051,Rocketman,2019,121,205014,"GB,US,CA",True,25.0,87.0
tt2057392,Eye in the Sky,2015,102,94587,"GB,CA,US,ZA",True,3.0,10.0
tt2042568,Inside Llewyn Davis,2013,104,168950,"US,GB,FR",True,47.0,174.0
tt2076822,Chaos Walking,2021,109,61168,"US,CA,HK,LU",True,2.0,0.0
tt2058673,Point Break,2015,114,68156,"DE,US,AT,IT,CA",True,2.0,4.0
tt2072233,Sleepless,2017,95,35946,US,True,0.0,1.0
tt2058107,The Railway Man,2013,116,43924,"CH,GB,AU,TH",True,7.0,20.0
tt2091256,Captain Underpants: The First Epic Movie,2017,89,35252,"US,CA,FR",True,3.0,15.0
tt2084970,The Imitation Game,2014,114,859903,US,True,49.0,167.0
tt2080374,Steve Jobs,2015,122,184472,"GB,JP,US",True,28.0,117.0
tt2096672,Dumb and Dumber To,2014,109,150788,"JP,US",True,1.0,7.0
tt2094766,Assassin's Creed,2016,115,215773,"US,FR,GB,HK,TW,MT,ES,CA",True,2.0,2.0
tt2103254,Tammy,2014,97,56362,US,True,1.0,7.0
tt2106361,Into the Storm,2014,89,73475,US,True,3.0,1.0
tt2103281,Dawn of the Planet of the Apes,2014,130,503190,"US,GB,CA",True,17.0,48.0
tt2097298,"McFarland, USA",2015,129,45042,US,True,4.0,3.0
tt2096673,Inside Out,2015,95,880592,US,True,99.0,118.0
tt2109248,Transformers: Age of Extinction,2014,165,343254,"US,CN,HK",True,5.0,23.0
tt21084334,I Heard the Bells,2022,110,1129,US,False,0.0,0.0
tt21064584,The Iron Claw,2023,132,109499,"GB,US",True,3.0,39.0
tt2120120,Pixels,2015,105,172911,"CN,US,CA",True,5.0,9.0
tt21191906,After Death,2023,108,1963,US,True,0.0,2.0
tt21192142,All of Us Strangers,2023,105,73642,"GB,US",True,29.0,121.0
tt2126355,San Andreas,2015,114,269554,US,True,2.0,10.0
tt2119532,Hacksaw Ridge,2016,139,649014,US,True,57.0,115.0
tt2119543,The House with a Clock in Its Walls,2018,105,58088,"US,CA,IN",True,1.0,1.0
tt2126357,Second Act,2018,103,31710,US,True,2.0,1.0
tt21235248,Ghostbusters: Frozen Empire,2024,115,97474,"US,CA,GB",True,0.0,8.0
tt21232992,Theater Camp,2023,92,18963,US,True,5.0,21.0
tt21276958,Babes,2024,104,6741,US,True,0.0,4.0
tt2140479,The Accountant,2016,128,381039,US,True,3.0,5.0
tt2140373,Saving Mr. Banks,2013,125,173647,"AU,GB,US",True,13.0,74.0
tt2170439,Horrible Bosses 2,2014,108,190680,US,True,1.0,6.0
tt21692408,Kung Fu Panda 4,2024,94,72520,"CN,JP,US",True,0.0,11.0
tt2170593,St. Vincent,2014,102,111787,US,True,7.0,23.0
tt2170299,Bad Words,2013,89,57124,US,True,2.0,4.0
tt2140571,The Broken Hearts Gallery,2020,109,10869,"US,CA",True,1.0,2.0
tt2140507,The Current War,2017,102,32620,"GB,RU,US",False,0.0,0.0
tt2177771,The Monuments Men,2014,118,146615,"DE,US",True,3.0,3.0
tt2172934,3 Days to Kill,2014,117,100215,"US,FR",False,0.0,0.0
tt2199571,Run All Night,2015,114,118583,US,False,0.0,0.0
tt22022452,Inside Out 2,2024,96,228760,US,True,7.0,106.0
tt2180411,Into the Woods,2014,125,151841,"US,CA,IT,GB",True,11.0,75.0
tt2179136,American Sniper,2014,133,555786,US,True,24.0,43.0
tt2203939,The Other Woman,2014,109,157849,US,True,3.0,5.0
tt22041854,Priscilla,2023,113,49129,"IT,US,GB",True,6.0,33.0
tt2183034,Earth to Echo,2014,91,20223,US,True,2.0,1.0
tt21942866,Dream Scenario,2023,102,88091,"US,CA",True,3.0,18.0
tt2209764,Transcendence,2014,119,244151,"GB,US",True,3.0,5.0
tt2205401,Addicted,2014,106,12875,US,False,0.0,0.0
tt2234003,Calvary,2014,102,66754,"IE,GB,US",True,9.0,32.0
tt2235108,Dear White People,2014,108,26962,US,True,13.0,28.0
tt2239822,Valerian and the City of a Thousand Planets,2017,136,205545,"FR,CN,BE,DE,AE,US,CA,QA",True,0.0,11.0
tt2223990,Draft Day,2014,110,71381,US,True,0.0,1.0
tt2241351,Money Monster,2016,98,110191,US,True,0.0,2.0
tt2224026,Home,2015,94,117839,"US,IN",True,3.0,10.0
tt2226597,The Mountain Between Us,2017,112,86844,US,True,2.0,1.0
tt2245084,Big Hero 6,2014,102,536017,US,True,17.0,58.0
tt2247476,When the Game Stands Tall,2014,115,17344,US,True,0.0,1.0
tt2231461,Rampage,2018,107,196383,US,True,0.0,7.0
tt2268016,Magic Mike XXL,2015,115,62905,US,True,2.0,5.0
tt2250912,Spider-Man: Homecoming,2017,133,768707,US,True,8.0,10.0
tt2277860,Finding Dory,2016,97,323682,US,True,17.0,48.0
tt22687790,A Haunting in Venice,2023,103,134616,"GB,IT,US",True,6.0,4.0
tt2262227,The Book of Life,2014,95,81922,"US,MX",True,3.0,29.0
tt2267968,Kung Fu Panda 3,2016,95,208043,"US,CN",True,1.0,10.0
tt2267998,Gone Girl,2014,149,1133896,US,True,64.0,189.0
tt2279339,Love the Coopers,2015,107,28361,US,True,0.0,2.0
tt2279373,The SpongeBob Movie: Sponge Out of Water,2015,92,65420,"US,KR,AU",True,1.0,9.0
tt2278388,The Grand Budapest Hotel,2014,99,937685,"US,DE",True,135.0,227.0
tt2283362,Jumanji: Welcome to the Jungle,2017,119,485680,"US,AU,CA,MX,IN,GB",True,5.0,15.0
tt2283336,Men in Black: International,2019,114,156079,"US,CN,GB",True,1.0,9.0
tt2294629,Frozen,2013,102,694833,US,True,83.0,60.0
tt2304771,Mandela: Long Walk to Freedom,2013,141,29759,"GB,FR,ZA",True,13.0,36.0
tt2296777,Sherlock Gnomes,2018,86,15071,"GB,US",True,1.0,6.0
tt2294449,22 Jump Street,2014,112,427280,US,True,7.0,25.0
tt2293640,Minions,2015,91,276194,"US,FR",True,4.0,29.0
tt2309260,The Gallows,2015,81,22260,US,True,0.0,1.0
tt2305051,Wild,2014,115,143942,US,True,13.0,70.0
tt2304933,The 5th Wave,2016,112,123345,"GB,US",True,0.0,1.0
tt2316204,Alien: Covenant,2017,122,334029,"GB,US",True,3.0,18.0
tt2310332,The Hobbit: The Battle of the Five Armies,2014,144,602478,"NZ,US",True,8.0,56.0
tt2333784,The Expendables 3,2014,126,202774,"US,FR,DE,BG",True,2.0,5.0
tt2319580,The Grand Seduction,2013,113,20514,CA,True,2.0,9.0
tt2328900,Mary Queen of Scots,2018,124,58114,"GB,US,CN",True,8.0,31.0
tt2334871,Snatched,2017,90,38720,US,True,2.0,2.0
tt23289160,Godzilla Minus One,2023,124,176360,JP,True,43.0,62.0
tt2322441,Fifty Shades of Grey,2015,125,349502,US,True,9.0,30.0
tt2338151,PK,2014,153,213585,IN,True,22.0,26.0
tt2339741,The Woman in Black 2: Angel of Death,2014,98,30197,"GB,CA,US",True,2.0,2.0
tt2361317,Live by Night,2016,129,61411,US,True,0.0,4.0
tt2345759,The Mummy,2017,110,216643,"CN,JP,US",True,4.0,18.0
tt23468450,Longlegs,2024,101,200207,"CA,US",True,9.0,32.0
tt23561236,American Fiction,2023,117,113002,US,True,64.0,174.0
tt2361509,The Intern,2015,121,299325,US,True,1.0,9.0
tt2379713,Spectre,2015,148,484142,"GB,US,MA,IT,AT,CA,MX",True,8.0,37.0
tt2357291,Rio 2,2014,101,107670,"US,IQ,CA",True,2.0,24.0
tt2380307,Coco,2017,105,664265,"US,MX",True,112.0,42.0
tt2378507,The Glass Castle,2017,127,40079,"US,CA,HK",True,1.0,3.0
tt2365580,"Where'd You Go, Bernadette",2019,109,26957,US,True,0.0,4.0
tt2382320,No Time to Die,2021,163,470348,"GB,US",True,50.0,75.0
tt2381111,Brooklyn,2015,117,156336,"IE,GB,CA,US",True,38.0,161.0
tt2381249,Mission: Impossible - Rogue Nation,2015,131,435773,"US,CN,GB,AT,MA,HK",True,6.0,26.0
tt2381941,Focus,2015,105,289037,"US,AR",True,0.0,3.0
tt2388715,Oculus,2013,104,146338,US,True,3.0,17.0
tt2386490,How to Train Your Dragon: The Hidden World,2019,104,170071,"JP,US",True,7.0,66.0
tt2381991,The Huntsman: Winter's War,2016,114,124589,"CN,US",True,0.0,16.0
tt2397461,Clifford the Big Red Dog,2021,96,18221,"US,CA,GB",True,0.0,2.0
tt2395427,Avengers: Age of Ultron,2015,141,971638,US,True,8.0,52.0
tt2387499,Keeping Up with the Joneses,2016,105,71092,US,True,0.0,3.0
tt2402927,Carol,2015,118,150085,"GB,FR,AU,US",True,76.0,255.0
tt2404181,Belle,2013,100,34328,GB,True,13.0,32.0
tt2398241,Smurfs: The Lost Village,2017,90,26495,"US,HK,CN,CZ,GB,CA,BE",True,1.0,6.0
tt2401878,Anomalisa,2015,90,77665,"GB,US",True,24.0,79.0
tt2402157,The November Man,2014,108,72394,"US,RS",False,0.0,0.0
tt2404435,The Magnificent Seven,2016,132,239516,"US,AU",True,5.0,12.0
tt2404233,Gods of Egypt,2016,127,132523,"US,AU,CN,HK",True,2.0,14.0
tt2404425,Woman in Gold,2015,109,65213,"GB,US,AT",True,0.0,6.0
tt2431286,Philomena,2013,98,106118,"GB,FR,US",True,33.0,86.0
tt2406566,Atomic Blonde,2017,115,215821,"US,SE,HU",True,14.0,20.0
tt2452150,Respect,2021,145,18881,"US,CA",True,5.0,40.0
tt2452042,The Peanuts Movie,2015,88,52135,US,True,2.0,49.0
tt2446980,Joy,2015,124,150324,US,True,8.0,23.0
tt2446042,Taken 3,2014,108,211620,"FR,ES,US",True,3.0,3.0
tt2436386,Project Almanac,2015,106,86633,US,False,0.0,0.0
tt2488496,Star Wars: Episode VII - The Force Awakens,2015,138,1007831,"US,GB",True,64.0,140.0
tt2467046,Left Behind,2014,110,43854,"CA,US",True,0.0,5.0
tt2465146,And So It Goes,2014,94,15888,US,True,0.0,1.0
tt2452244,Isn't It Romantic,2019,89,75832,US,True,1.0,10.0
tt2503944,Burnt,2015,101,139336,"US,GB",True,6.0,1.0
tt2531344,Blockers,2018,102,90363,US,True,1.0,7.0
tt2543164,Arrival,2016,116,829942,"US,CA",True,71.0,268.0
tt2528814,God's Not Dead,2014,113,46348,US,True,1.0,0.0
tt2510894,Hotel Transylvania 2,2015,89,155375,"US,CA",True,3.0,11.0
tt2547584,The Light Between Oceans,2016,133,61963,"GB,IN,AU,NZ,US,CA",True,2.0,19.0
tt2557478,Pacific Rim: Uprising,2018,111,133982,"GB,CN,JP,US,MX,AU",True,0.0,6.0
tt2527336,Star Wars: Episode VIII - The Last Jedi,2017,152,702374,US,True,26.0,99.0
tt2527338,Star Wars: Episode IX - The Rise of Skywalker,2019,141,525354,"US,GB",True,21.0,55.0
tt2543472,Wonder,2017,113,190550,"US,HK,CA",True,5.0,28.0
tt2555736,The Second Best Exotic Marigold Hotel,2015,122,37135,"GB,IN,US",True,0.0,4.0
tt2562232,Birdman or (The Unexpected Virtue of Ignorance),2014,119,686551,US,True,193.0,297.0
tt2582496,Me and Earl and the Dying Girl,2015,105,142941,US,True,18.0,30.0
tt2582500,Shut In,2016,91,15411,"CA,FR,US,IN",True,0.0,1.0
tt2568862,Going in Style,2017,96,96575,US,False,0.0,0.0
tt2567026,Alice Through the Looking Glass,2016,113,130625,"US,TH,GB,IN,CA",True,4.0,20.0
tt2561572,Get Hard,2015,100,152397,US,True,0.0,2.0
tt2584384,Jojo Rabbit,2019,108,472878,"CZ,NZ,US,DE",True,52.0,190.0
tt2582846,The Fault in Our Stars,2014,126,417611,US,True,23.0,18.0
tt2582782,Hell or High Water,2016,102,268474,US,True,47.0,174.0
tt2592614,Resident Evil: The Final Chapter,2016,107,105756,"DE,CA",True,2.0,3.0
tt2649554,Midnight Special,2016,112,85839,US,True,3.0,14.0
tt2652092,The Good Lie,2014,110,34817,"KE,IN,US,CA,ZA",True,3.0,7.0
tt26047818,Anyone But You,2023,103,153488,"US,AU",True,1.0,4.0
tt2660888,Star Trek Beyond,2016,122,266136,"US,CN",True,3.0,29.0
tt2674426,Me Before You,2016,110,317080,US,True,6.0,6.0
tt2637276,Ted 2,2015,115,251528,US,True,3.0,4.0
tt2609758,A Madea Christmas,2013,100,7609,US,True,1.0,6.0
tt2626350,Step Up All In,2014,112,37017,"US,CA",False,0.0,0.0
tt2671706,Fences,2016,139,122794,"US,CA",True,60.0,122.0
tt26753003,Trap,2024,105,148770,"US,CA",True,3.0,6.0
tt2704998,Game Night,2018,100,268396,US,True,4.0,22.0
tt2709692,The Grinch,2018,85,104628,US,True,2.0,18.0
tt2692250,Night at the Museum: Secret of the Tomb,2014,98,144377,"GB,US",True,1.0,5.0
tt26928684,Summer Camp,2024,95,1804,US,False,0.0,0.0
tt2702724,The Boss,2016,99,50063,US,True,0.0,3.0
tt2726560,The Longest Ride,2015,123,92528,US,True,1.0,5.0
tt2719848,Everest,2015,121,242210,"GB,IS,US,IT",True,2.0,9.0
tt2709768,The Secret Life of Pets,2016,86,229633,"JP,US",True,4.0,15.0
tt2713180,Fury,2014,134,587361,"CN,US",True,6.0,23.0
tt27503384,Perfect Days,2023,124,88866,"JP,DE",True,14.0,47.0
tt2788732,Pete's Dragon,2016,102,63396,"US,GB,NZ,IN",True,3.0,7.0
tt2771200,Beauty and the Beast,2017,129,350898,US,True,16.0,81.0
tt2798920,Annihilation,2018,115,383786,"US,GB",True,17.0,63.0
tt2752772,Sinister 2,2015,97,64799,"GB,CA,US",True,1.0,3.0
tt28172032,Escape from Germany,2024,97,1117,US,False,0.0,0.0
tt2802144,Kingsman: The Secret Service,2014,129,759700,"GB,US",True,11.0,36.0
tt2784678,Top Five,2014,102,28199,US,True,5.0,21.0
tt2785390,America: Imagine the World Without Her,2014,105,7231,US,True,0.0,1.0
tt2823054,Mike and Dave Need Wedding Dates,2016,98,98591,US,True,0.0,4.0
tt2820852,Furious 7,2015,137,430707,"US,CN,JP,CA,AE",True,36.0,36.0
tt28479262,Sing Sing,2023,107,25063,US,True,70.0,201.0
tt2828996,A Haunted House 2,2014,86,24962,US,True,0.0,2.0
tt28366692,Janet Planet,2023,113,3468,"US,GB",True,4.0,22.0
tt2837574,The Old Man & the Gun,2018,93,51222,"GB,US",True,2.0,12.0
tt2850386,The Croods: A New Age,2020,95,58366,"JP,US",True,0.0,31.0
tt2848292,Pitch Perfect 2,2015,115,176718,US,True,10.0,17.0
tt2872518,The Shack,2017,132,41583,"US,CA,HK",True,3.0,2.0
tt2854926,Tag,2018,100,157168,US,True,0.0,3.0
tt2870708,Wish I Was Here,2014,106,39524,US,True,0.0,6.0
tt2869728,Ride Along 2,2016,102,65998,US,True,1.0,7.0
tt28814949,Taylor Swift: The Eras Tour,2023,169,24603,US,True,2.0,9.0
tt2872732,Lucy,2014,89,563640,"FR,DE,TW,CA,GB",True,1.0,12.0
tt2872750,Shaun the Sheep Movie,2015,85,45691,"GB,FR",True,4.0,49.0
tt2873282,Red Sparrow,2018,140,213519,"US,HU",True,3.0,9.0
tt2883434,Black or White,2014,121,14299,US,True,1.0,4.0
tt2883512,Chef,2014,114,244712,US,True,2.0,4.0
tt2908446,Insurgent,2015,119,266194,"US,CA",True,4.0,18.0
tt2906216,Dungeons & Dragons: Honor Among Thieves,2023,134,264612,"US,CA,GB,IS,IE,AU",True,4.0,21.0
tt2872718,Nightcrawler,2014,117,645454,US,True,46.0,126.0
tt2911666,John Wick,2014,101,796384,US,True,5.0,10.0
tt2932536,47 Meters Down,2017,89,64022,"GB,US,DO",True,0.0,2.0
tt2935510,Ad Astra,2019,123,272882,"US,CN,BR",True,10.0,75.0
tt2935476,Far from the Madding Crowd,2015,119,56196,"GB,US",True,2.0,11.0
tt2937696,Everybody Wants Some!!,2016,117,63025,US,True,2.0,17.0
tt2918436,The Lazarus Effect,2015,83,47770,US,True,0.0,2.0
tt2967224,Hot Pursuit,2015,87,56133,US,True,0.0,4.0
tt2953050,Encanto,2021,102,285925,US,True,58.0,86.0
tt2948356,Zootopia,2016,108,589189,US,True,49.0,75.0
tt2938956,The Transporter Refueled,2015,96,46685,"FR,CN,BE",False,0.0,0.0
tt2974918,Alvin and the Chipmunks: The Road Chip,2015,92,24690,US,True,1.0,4.0
tt2978462,Dolphin Tale 2,2014,107,10109,US,True,0.0,3.0
tt2980648,The Hundred-Foot Journey,2014,122,90083,"US,AE,IN",True,2.0,4.0
tt2975590,Batman v Superman: Dawn of Justice,2016,151,778638,"US,MA",True,14.0,33.0
tt2975578,The Purge: Anarchy,2014,103,169239,"FR,US",True,3.0,6.0
tt2980516,The Theory of Everything,2014,123,500715,"GB,JP,US",True,25.0,128.0
tt2980210,A Hologram for the King,2016,98,48935,"GB,FR,DE,MX,US",True,2.0,3.0
tt3014666,Moms' Night Out,2014,98,14769,US,True,1.0,0.0
tt3014284,The Lego Ninjago Movie,2017,101,32617,"US,DK,AU,CA",True,0.0,7.0
tt3007512,The Water Diviner,2014,111,79817,"AU,US,TR",True,14.0,15.0
tt30319503,Dìdi,2024,93,14241,US,True,21.0,38.0
tt3065204,The Conjuring 2,2016,134,323735,"CA,US,GB",True,4.0,13.0
tt3068194,Love & Friendship,2016,90,27253,"GB,IE,FR,NL",True,7.0,54.0
tt3076658,Creed,2015,133,325445,US,True,45.0,66.0
tt3040964,The Jungle Book,2016,106,301125,"GB,US,NZ,FR,CA,IN",True,33.0,56.0
tt3062096,Inferno,2016,121,197692,"HU,US",True,5.0,1.0
tt30321095,Ghostlight,2024,115,6746,US,True,6.0,20.0
tt30395619,Demon Slayer: Kimetsu No Yaiba - To the Hashira Training,2024,104,9230,JP,False,0.0,0.0
tt3079380,Spy,2015,120,269971,US,True,6.0,31.0
tt3095734,Monster Trucks,2016,104,19930,"US,CA",True,0.0,2.0
tt3077214,Suffragette,2015,106,45894,"GB,FR",True,17.0,21.0
tt3152624,Trainwreck,2015,125,145956,US,True,5.0,27.0
tt3168230,Mr. Holmes,2015,104,69666,"GB,US",True,0.0,19.0
tt3104956,The Good House,2021,104,3548,"US,IN",True,3.0,1.0
tt3195644,Insidious: Chapter 3,2015,97,124846,"GB,CA,US",True,3.0,11.0
tt3104988,Crazy Rich Asians,2018,120,203041,"US,CN",True,14.0,70.0
tt3110958,Now You See Me 2,2016,129,343629,"US,HK",True,0.0,5.0
tt3125324,Beyond the Lights,2014,116,18051,US,True,4.0,26.0
tt3203606,Trumbo,2015,124,86563,US,True,8.0,45.0
tt3183660,Fantastic Beasts and Where to Find Them,2016,132,529243,"GB,US,CA",True,15.0,54.0
tt3201736,Run the Race,2018,101,1856,US,True,0.0,2.0
tt3224458,A Beautiful Day in the Neighborhood,2019,109,92293,"US,CN",True,10.0,64.0
tt3210686,Son of God,2014,138,20132,US,True,2.0,1.0
tt3235888,It Follows,2014,100,290068,US,True,25.0,44.0
tt3231054,Risen,2016,107,32347,US,True,0.0,3.0
tt3236120,I'll See You in My Dreams,2015,92,9587,US,True,0.0,8.0
tt3234122,Widow Clicquot,2023,90,4516,US,False,0.0,0.0
tt3231010,Island of Lemurs: Madagascar,2014,39,1049,"CA,US,MG",True,0.0,2.0
tt3228774,Cruella,2021,134,285279,"US,GB,CA,IE",True,28.0,43.0
tt3281548,Little Women,2019,135,271820,US,True,73.0,229.0
tt3263904,Sully,2016,96,314624,US,True,14.0,36.0
tt3332064,Pan,2015,111,68691,"US,GB,AU,IN,CA",True,0.0,8.0
tt3322364,Concussion,2015,123,103416,"GB,AU,US",True,4.0,16.0
tt3322940,Annabelle,2014,99,186959,US,True,3.0,7.0
tt3315342,Logan,2017,137,900741,US,True,28.0,82.0
tt3300542,London Has Fallen,2016,99,176954,"US,GB,BG",True,1.0,2.0
tt3371366,Transformers: The Last Knight,2017,154,180223,"US,CN,CA",True,3.0,20.0
tt3369806,Max,2015,111,29377,US,True,0.0,1.0
tt3352390,Friend Request,2016,92,28624,"DE,ZA,NL",True,2.0,1.0
tt3348730,Jigsaw,2017,92,99506,"US,CA",False,0.0,0.0
tt3385516,X-Men: Apocalypse,2016,144,483037,US,True,1.0,19.0
tt3393786,Jack Reacher: Never Go Back,2016,118,187541,"US,CN",True,1.0,0.0
tt3387520,Scary Stories to Tell in the Dark,2019,108,89875,"US,CA,MX,HK",True,5.0,6.0
tt3387266,A United Kingdom,2016,111,17465,"CZ,GB,FR,US",True,6.0,5.0
tt3397884,Sicario,2015,121,515744,"US,MX,HK",True,15.0,157.0
tt3410834,Allegiant,2016,120,142491,US,True,3.0,12.0
tt3402236,Murder on the Orient Express,2017,114,313453,"US,GB,MT",True,2.0,31.0
tt3401882,Fist Fight,2017,91,47794,US,True,1.0,1.0
tt3387542,The Forest,2016,93,47119,"US,GB",True,1.0,1.0
tt3416828,Ice Age: Collision Course,2016,94,82201,"US,GB",True,2.0,0.0
tt3411444,Ferdinand,2017,108,68791,"US,GB,CA",True,2.0,22.0
tt3464902,The Lobster,2015,119,322471,"IE,GB,GR,FR,NL,BE,US",True,33.0,84.0
tt3427252,The Boogeyman,2023,98,51139,"US,CA",True,0.0,3.0
tt3450650,Paul Blart: Mall Cop 2,2015,94,43291,US,True,1.0,9.0
tt3450958,War for the Planet of the Apes,2017,140,319191,"US,CA",True,28.0,65.0
tt3469046,Despicable Me 3,2017,89,172328,"US,FR",True,0.0,33.0
tt3470600,Sing,2016,108,205570,"JP,US",True,3.0,25.0
tt3480822,Black Widow,2021,134,461339,US,True,14.0,34.0
tt3498820,Captain America: Civil War,2016,147,900049,"US,DE,PR",True,16.0,73.0
tt3460252,The Hateful Eight,2015,168,700544,US,True,46.0,116.0
tt3499096,Race,2016,134,43151,"CA,DE,FR,GB,US",True,6.0,11.0
tt3521164,Moana,2016,107,422926,US,True,22.0,90.0
tt3513498,The Lego Movie 2: The Second Part,2019,107,82178,"DK,NO,AU,US",True,1.0,16.0
tt3501632,Thor: Ragnarok,2017,130,867166,US,True,6.0,50.0
tt3522806,Mechanic: Resurrection,2016,98,99809,"US,FR,BG,DE,TH",True,0.0,1.0
tt3531824,Nerve,2016,96,145013,"US,HK",True,0.0,5.0
tt3530002,The Night Before,2015,101,87313,US,True,0.0,2.0
tt3521126,The Disaster Artist,2017,104,169248,US,True,32.0,84.0
tt3513548,Richard Jewell,2019,131,103890,US,True,6.0,20.0
tt3532216,American Made,2017,115,224310,US,True,0.0,3.0
tt3544112,Sing Street,2016,106,105473,"IE,GB,US",True,16.0,45.0
tt3553442,Whiskey Tango Foxtrot,2016,112,58418,US,True,0.0,1.0
tt3553976,Captain Fantastic,2016,118,245674,US,True,15.0,51.0
tt3581652,West Side Story,2021,156,103300,"US,CA,GB",True,72.0,298.0
tt3606756,Incredibles 2,2018,118,356607,"US,JP",True,14.0,81.0
tt3606752,Cars 3,2017,102,140622,"US,JP,AU",True,3.0,24.0
tt3567288,The Visit,2015,94,166754,US,True,1.0,14.0
tt3564472,Girls Trip,2017,122,42051,US,True,13.0,42.0
tt3622592,Paper Towns,2015,109,110500,US,True,4.0,3.0
tt3612126,The Grudge,2019,94,31496,US,True,0.0,2.0
tt3612616,Mommy,2014,139,64403,CA,True,58.0,65.0
tt3628584,Barbershop: The Next Cut,2016,111,16804,US,True,1.0,3.0
tt3659388,The Martian,2015,144,977564,"US,GB,HU,JO",True,40.0,199.0
tt3691740,The BFG,2016,117,97326,"GB,IN,US",True,4.0,26.0
tt3682448,Bridge of Spies,2015,142,338753,"US,IN,DE",True,30.0,105.0
tt3717252,Underworld: Blood Wars,2016,91,84405,"US,CZ,NL,SE,CA",False,0.0,0.0
tt3640424,Allied,2016,124,176846,"GB,US,CN",True,1.0,10.0
tt3631112,The Girl on the Train,2016,112,207038,"US,IN",True,4.0,13.0
tt3623726,Ricki and the Flash,2015,101,25574,US,True,0.0,4.0
tt3717490,Power Rangers,2017,124,117633,"US,HK,JP,CA,NZ",True,0.0,6.0
tt3704428,Elvis,2022,159,253183,"US,AU",True,92.0,236.0
tt3731562,Kong: Skull Island,2017,118,366166,"US,CN,VN,CA,DE,GB,SG,IN,AU",True,1.0,22.0
tt3748528,Rogue One: A Star Wars Story,2016,133,734803,US,True,24.0,85.0
tt3741700,Godzilla: King of the Monsters,2019,132,222282,"US,JP,CN",True,5.0,14.0
tt3766354,The Equalizer 2,2018,121,219744,US,True,1.0,4.0
tt3722234,Gosnell: The Trial of America's Biggest Serial Killer,2018,93,4809,US,False,0.0,0.0
tt3741834,Lion,2016,118,261531,"GB,AU,US",True,59.0,110.0
tt3758542,Ferrari,2023,130,64094,"US,GB,IT,SA",True,6.0,41.0
tt3760922,My Big Fat Greek Wedding 2,2016,94,37137,US,True,0.0,3.0
tt3766394,"Hello, My Name Is Doris",2015,90,22855,US,True,3.0,11.0
tt3774114,Snowden,2016,134,169510,"US,DE,FR",True,4.0,7.0
tt3778644,Solo: A Star Wars Story,2018,135,399433,US,True,6.0,26.0
tt3829266,The Predator,2018,107,156543,"CA,US,GB,IN,AU,BR,CN",True,1.0,8.0
tt3829920,Only the Brave,2017,134,86231,US,True,0.0,3.0
tt3799694,The Nice Guys,2016,116,400080,"GB,US",True,9.0,34.0
tt3797868,The Choice,2016,111,48519,US,True,0.0,3.0
tt3783958,La La Land,2016,128,730222,"US,HK",True,242.0,307.0
tt3832914,War Room,2015,120,17177,US,True,5.0,0.0
tt3874544,The Boss Baby,2017,97,152185,US,True,4.0,21.0
tt3861390,Dumbo,2019,112,86526,"GB,CA,AU,US",True,4.0,13.0
tt3850214,Dope,2015,103,90975,US,True,5.0,25.0
tt3896198,Guardians of the Galaxy Vol. 2,2017,136,805216,US,True,15.0,60.0
tt3915174,Puss in Boots: The Last Wish,2022,102,210736,"JP,US",True,8.0,57.0
tt3882082,The Boy,2016,97,106324,"US,CA,CN",True,0.0,6.0
tt3881784,Stronger,2017,119,52236,US,True,2.0,8.0
tt3949660,Teenage Mutant Ninja Turtles: Out of the Shadows,2016,112,104161,"US,HK,CN",True,0.0,10.0
tt4034228,Manchester by the Sea,2016,137,340574,US,True,128.0,268.0
tt4034354,Swiss Army Man,2016,97,138297,US,True,8.0,31.0
tt3890160,Baby Driver,2017,113,660324,"GB,US",True,43.0,66.0
tt3892172,Leave No Trace,2018,109,68916,"US,CA",True,18.0,92.0
tt4003774,Meet the Mormons,2014,78,2069,US,False,0.0,0.0
tt4046784,Maze Runner: The Scorch Trials,2015,131,295899,US,True,2.0,5.0
tt4116284,The Lego Batman Movie,2017,104,185236,"US,DK,AU",True,13.0,68.0
tt4123430,Fantastic Beasts: The Crimes of Grindelwald,2018,134,323978,"GB,US",True,3.0,22.0
tt4103724,Forever My Girl,2018,108,23855,US,False,0.0,0.0
tt4052882,The Shallows,2016,86,150785,"US,AU,CA",True,1.0,15.0
tt4056738,Do You Believe?,2015,120,8566,US,True,2.0,3.0
tt4126476,After,2019,105,72910,US,True,4.0,0.0
tt4123432,Fantastic Beasts: The Secrets of Dumbledore,2022,142,186127,"GB,US",True,0.0,7.0
tt4136084,Florence Foster Jenkins,2016,111,61364,"GB,FR",True,10.0,48.0
tt4131800,My Little Pony: The Movie,2017,99,8637,"US,CA,BE",True,5.0,6.0
tt4154664,Captain Marvel,2019,123,641409,"US,AU",True,10.0,56.0
tt4160708,Don't Breathe,2016,88,321408,"US,HU",True,7.0,21.0
tt4139124,Keanu,2016,100,54169,US,True,4.0,5.0
tt4178092,The Gift,2015,108,181138,"US,AU,CN",True,2.0,12.0
tt4172430,13 Hours: The Secret Soldiers of Benghazi,2016,144,173896,"US,MT",True,0.0,5.0
tt4154796,Avengers: Endgame,2019,181,1380913,US,,,
tt4154756,Avengers: Infinity War,2018,149,1311271,"US,NO",True,48.0,80.0
tt4193394,Indignation,2016,110,12897,"US,CN,BR,DE",True,0.0,8.0
tt4191580,Meet the Blacks,2016,94,38319,US,False,0.0,0.0
tt4183692,Woodlawn,2015,123,8196,US,True,0.0,4.0
tt4257926,Miracles from Heaven,2016,109,30684,US,True,2.0,5.0
tt4218572,Widows,2018,129,107447,"GB,US",True,18.0,107.0
tt4209788,Molly's Game,2017,140,198412,"US,CA,CN",True,8.0,51.0
tt4196776,Jason Bourne,2016,123,251909,"US,CN,ES,JP,IS,DE,IT",True,3.0,20.0
tt4258698,Southside with You,2016,84,10289,US,True,3.0,12.0
tt4244998,Alpha,2018,96,70138,"US,CA,CN",True,2.0,0.0
tt4302938,Kubo and the Two Strings,2016,101,143914,"GB,US",True,33.0,67.0
tt4353250,The Last Black Man in San Francisco,2019,121,22741,US,True,18.0,59.0
tt4341582,Queen of Katwe,2016,124,19544,US,True,4.0,30.0
tt4276820,The Founder,2016,115,196222,US,True,1.0,5.0
tt4383594,Nine Lives,2016,87,25323,"FR,CN,CA,US",False,0.0,0.0
tt4364194,The Peanut Butter Falcon,2019,97,115912,US,True,21.0,16.0
tt4425200,John Wick: Chapter 2,2017,122,550983,"US,IT,HK,CA",True,4.0,10.0
tt4438848,Neighbors 2: Sorority Rising,2016,92,135015,"CN,US",True,3.0,5.0
tt4426464,Arctic Dogs,2019,92,2416,"US,CA,GB,IT,IN",True,0.0,1.0
tt4411596,My Cousin Rachel,2017,106,21778,"GB,US",True,1.0,5.0
tt4385888,20th Century Women,2016,119,51470,US,True,15.0,82.0
tt4477536,Fifty Shades Freed,2018,105,80249,"CN,US",True,6.0,10.0
tt4468740,Paddington 2,2017,103,108114,"FR,GB",True,15.0,50.0
tt4463894,Shaft,2019,111,61135,US,False,0.0,0.0
tt4501244,Why Him?,2016,111,132138,US,True,1.0,0.0
tt4504044,The Prodigy,2019,92,30313,"US,CA,HK",True,1.0,1.0
tt4481514,The House,2017,88,49062,US,True,1.0,0.0
tt4481414,Gifted,2017,101,153722,US,True,6.0,7.0
tt4513674,Café Society,2016,96,83678,US,True,0.0,8.0
tt4532038,The War with Grandpa,2020,94,26947,"US,GB,CA",True,1.0,0.0
tt4520988,Frozen II,2019,103,210482,"JP,US",True,18.0,95.0
tt4513678,Ghostbusters: Afterlife,2021,124,234948,"US,CA",True,1.0,21.0
tt4500922,Maze Runner: The Death Cure,2018,143,180974,US,True,0.0,7.0
tt4495098,Gran Turismo,2023,134,126722,"JP,US",True,0.0,3.0
tt4572514,Patriots Day,2016,133,119594,"HK,US",True,2.0,3.0
tt4532826,Robin Hood,2018,116,84494,"US,HK,GB,FR",True,0.0,4.0
tt4575576,Christopher Robin,2018,104,88833,"GB,US,AU,CA,DK",True,2.0,13.0
tt4537896,White Boy Rick,2018,111,47020,US,True,0.0,2.0
tt4589218,Five Nights at Freddy's,2023,109,118189,US,True,0.0,22.0
tt4595882,Can You Ever Forgive Me?,2018,106,57914,US,True,54.0,101.0
tt4587656,The Star,2017,86,10254,US,True,2.0,6.0
tt4550098,Nocturnal Animals,2016,116,331240,"US,CN",True,21.0,154.0
tt4555426,Darkest Hour,2017,125,234206,"GB,US,CN",True,54.0,81.0
tt4594834,Chi-Raq,2015,127,11088,US,True,4.0,14.0
tt4629266,Born in China,2016,79,4245,"GB,CN,US",True,2.0,3.0
tt4630562,The Fate of the Furious,2017,136,267079,"CN,JP,US,MX",True,2.0,16.0
tt4622512,Battle of the Sexes,2017,121,62426,"GB,US",True,3.0,24.0
tt4633694,Spider-Man: Into the Spider-Verse,2018,117,746883,"CA,US",True,85.0,60.0
tt4648786,Harriet,2019,125,34328,"CN,US",True,21.0,56.0
tt4645330,Denial,2016,109,24560,"GB,US,PL",True,0.0,7.0
tt4624424,Storks,2016,87,70704,"US,CA",True,5.0,4.0
tt4649466,Kingsman: The Golden Circle,2017,141,390777,"GB,US,IT",True,2.0,14.0
tt4651520,Bad Moms,2016,100,139019,"US,CN",True,3.0,5.0
tt4649416,Almost Christmas,2016,111,8845,"US,CN",True,0.0,3.0
tt4669788,On the Basis of Sex,2018,120,41321,"US,CN,CA",True,4.0,12.0
tt4667094,Fifty Shades of Black,2016,92,24157,"US,GB",True,2.0,4.0
tt4669264,Beirut,2018,109,26240,US,True,0.0,1.0
tt4669986,Loving,2016,123,38060,"GB,US",True,25.0,91.0
tt4663548,All Saints,2017,108,2159,US,True,1.0,1.0
tt4686844,The Death of Stalin,2017,107,122079,"FR,GB,BE,CA,US",True,18.0,40.0
tt4682786,Collateral Beauty,2016,97,107913,US,True,1.0,6.0
tt4680182,Colossal,2016,109,72260,"US,ES,CA,KR",True,3.0,9.0
tt4682266,The New Mutants,2020,94,98012,US,True,0.0,4.0
tt4695012,It Comes at Night,2017,91,108534,US,True,1.0,13.0
tt4701182,Bumblebee,2018,114,201871,"US,CN",True,2.0,13.0
tt4777008,Maleficent: Mistress of Evil,2019,119,127762,"GB,CA,US,FR",True,1.0,11.0
tt4765284,Pitch Perfect 3,2017,93,76230,"US,CN",True,4.0,6.0
tt4698684,Hunt for the Wilderpeople,2016,101,149033,NZ,True,24.0,26.0
tt4779682,The Meg,2018,113,221589,"US,CN",True,5.0,6.0
tt4786282,Lights Out,2016,81,148939,US,True,3.0,9.0
tt4824308,God's Not Dead 2,2016,120,14095,US,True,3.0,3.0
tt4823776,The SpongeBob Movie: Sponge on the Run,2020,91,24275,"US,CA",True,0.0,4.0
tt4799050,Rough Night,2017,101,57953,US,True,1.0,1.0
tt4795124,How to Be a Latin Lover,2017,115,18706,"US,MX",True,2.0,2.0
tt4877122,The Emoji Movie,2017,86,76874,US,True,6.0,4.0
tt4846340,Hidden Figures,2016,127,278591,US,True,37.0,94.0
tt4899370,Megan Leavey,2017,116,29613,"US,ES",True,1.0,1.0
tt4912910,Mission: Impossible - Fallout,2018,147,407158,"US,CN,FR,NO",True,26.0,41.0
tt4916630,Just Mercy,2019,137,81433,US,True,9.0,19.0
tt4913966,The Curse of La Llorona,2019,93,62205,US,True,1.0,7.0
tt4881806,Jurassic World: Fallen Kingdom,2018,128,369240,"US,CN",True,5.0,26.0
tt4919268,Bad Boys: Ride or Die,2024,115,105119,US,True,1.0,4.0
tt4925292,Lady Bird,2017,94,354778,US,True,124.0,228.0
tt4935462,Amazing Grace,2018,89,5354,US,True,2.0,15.0
tt4975722,Moonlight,2016,111,344660,US,True,235.0,310.0
tt4960748,Till,2022,130,17109,"US,GB",True,25.0,90.0
tt5001718,"Everything, Everything",2017,96,43957,US,True,2.0,5.0
tt4981636,Middle School: The Worst Years of My Life,2016,92,10600,US,True,0.0,5.0
tt5027774,"Three Billboards Outside Ebbing, Missouri",2017,115,589367,"GB,US",True,132.0,233.0
tt4971344,The Sisters Brothers,2018,122,74158,"FR,ES,RO,BE,US",True,13.0,22.0
tt4972582,Split,2016,117,599614,"JP,US",True,10.0,27.0
tt4964788,Everybody Knows,2018,133,39679,"ES,FR,IT,AR,DE",True,5.0,33.0
tt5028340,Mary Poppins Returns,2018,130,98844,"US,GB,DK,AU,CA,IN",True,24.0,112.0
tt5013056,Dunkirk,2017,106,782339,"GB,NL,FR,US",True,68.0,236.0
tt5074352,Dangal,2016,161,230405,"IN,US",True,41.0,38.0
tt5033998,Charlie's Angels,2019,118,83526,"US,CN,DE",True,1.0,9.0
tt5095030,Ant-Man and the Wasp,2018,118,479419,"US,CA",True,2.0,21.0
tt5052448,Get Out,2017,104,773386,"JP,US",True,154.0,214.0
tt5052474,Sicario: Day of the Soldado,2018,122,182909,US,True,1.0,8.0
tt5109280,Raya and the Last Dragon,2021,107,182896,US,True,13.0,62.0
tt5108870,Morbius,2022,104,166400,US,True,3.0,4.0
tt5104604,Isle of Dogs,2018,101,203293,"GB,DE,JP,US",True,34.0,95.0
tt5090568,Transformers: Rise of the Beasts,2023,127,125225,"US,CA,GB,NZ,HU,PE,CN",True,2.0,10.0
tt5083738,The Favourite,2018,119,250060,"IE,GB,US",True,187.0,352.0
tt5151570,Mrs. Harris Goes to Paris,2022,115,35426,"GB,FR,HU",True,4.0,12.0
tt5164214,Ocean's Eight,2018,110,254629,US,True,3.0,17.0
tt5117670,Peter Rabbit,2018,95,51217,"GB,AU,US",True,4.0,17.0
tt5113040,The Secret Life of Pets 2,2019,86,75251,"JP,US",True,0.0,11.0
tt5113044,Minions: The Rise of Gru,2022,87,100467,US,True,1.0,17.0
tt5164432,"Love, Simon",2018,110,131515,US,True,9.0,30.0
tt5208252,Operation Finale,2018,122,52039,"US,AR",True,0.0,2.0
tt5259966,No Manches Frida,2016,114,2933,"US,MX,DE",True,1.0,0.0
tt5220122,Hotel Transylvania 3: Summer Vacation,2018,97,94625,"US,KR",True,2.0,9.0
tt5140878,Annabelle: Creation,2017,109,161846,US,True,1.0,8.0
tt5311514,Your Name.,2016,106,367062,JP,True,17.0,27.0
tt5314190,Sgt. Stubby: An American Hero,2018,84,2765,"IE,FR,US,CA",True,23.0,7.0
tt5325452,Boo! A Madea Halloween,2016,103,9873,"HK,US",True,0.0,6.0
tt5294550,All the Money in the World,2017,132,94958,"US,IT,GB,CN",True,0.0,15.0
tt5270948,Chappaquiddick,2017,106,15185,"US,SE",True,0.0,7.0
tt5301662,Marshall,2017,118,28089,"US,CN,HK",True,5.0,21.0
tt5308322,Happy Death Day,2017,96,178843,US,True,0.0,3.0
tt5360952,The Hurricane Heist,2018,103,23327,"GB,US",False,0.0,0.0
tt5390504,Detroit,2017,143,57798,US,True,5.0,21.0
tt5362988,Wind River,2017,107,300455,"GB,FR,US,CA",True,17.0,27.0
tt5427194,The Miracle Season,2018,101,6649,US,True,0.0,1.0
tt5439796,Logan Lucky,2017,118,173167,"US,CN",True,2.0,11.0
tt5439812,Zola,2020,86,19412,US,True,10.0,40.0
tt5437928,Colette,2018,111,27533,"GB,US,HU,BE",True,1.0,14.0
tt5433140,Fast X,2023,141,138783,"CN,JP,US",True,2.0,18.0
tt5462602,The Big Sick,2017,120,148012,US,True,19.0,101.0
tt5461944,Hotel Mumbai,2018,123,76473,"AU,US,GB,SG,IN",True,9.0,28.0
tt5442430,Life,2017,104,270316,US,True,0.0,7.0
tt5463162,Deadpool 2,2018,119,722467,"US,CA",True,6.0,52.0
tt5433138,F9: The Fast Saga,2021,143,174082,"JP,US",True,2.0,13.0
tt5503686,Hustlers,2019,110,111211,US,True,25.0,79.0
tt5563334,The Good Liar,2019,109,52532,"GB,US",True,0.0,6.0
tt5563782,Followed,2018,96,2296,US,True,5.0,4.0
tt5537002,Killers of the Flower Moon,2023,206,288079,US,True,135.0,421.0
tt5580266,The Hate U Give,2018,133,42613,US,True,22.0,38.0
tt5580036,"I, Tonya",2017,119,255439,"US,GB,QA",True,46.0,126.0
tt5523010,The Nutcracker and the Four Realms,2018,99,39308,"CA,US,GB",True,1.0,8.0
tt5478478,Hostiles,2017,134,102663,US,True,4.0,7.0
tt5580390,The Shape of Water,2017,123,463950,"US,MX",True,138.0,350.0
tt5577494,Clemency,2019,112,5714,US,True,4.0,32.0
tt5616176,2 Hearts,2020,101,10452,US,False,0.0,0.0
tt5619332,Life of the Party,2018,105,41451,US,True,3.0,4.0
tt5606664,Doctor Sleep,2019,152,233993,"CA,US",True,9.0,37.0
tt5607096,"Juliet, Naked",2018,97,25727,"US,GB",True,1.0,5.0
tt5613484,Mid90s,2018,85,84889,US,True,4.0,10.0
tt5655222,The Hero,2017,96,10770,US,True,2.0,6.0
tt5664636,Goosebumps 2: Haunted Halloween,2018,90,25321,US,False,0.0,0.0
tt5657846,Daddy's Home 2,2017,100,89225,US,True,1.0,8.0
tt5649144,The Florida Project,2017,111,141962,US,True,68.0,134.0
tt5646136,Hillary's America: The Secret History of the Democratic Party,2016,106,8105,US,True,4.0,1.0
tt5688932,Sorry to Bother You,2018,112,92373,US,True,20.0,56.0
tt5691024,Show Dogs,2018,92,5254,"GB,US",True,0.0,1.0
tt5690360,Slender Man,2018,93,41286,US,True,0.0,3.0
tt5672290,The First Omen,2024,119,67097,"US,IT,RS,CA",True,5.0,19.0
tt5709188,A-X-L,2018,98,14208,US,False,0.0,0.0
tt5727208,Uncut Gems,2019,135,339157,US,True,27.0,91.0
tt5697572,Cats,2019,110,58096,"GB,US,CA,AU,JP,CN",True,11.0,8.0
tt5719700,Home Again,2017,97,36456,US,True,1.0,0.0
tt5719748,Cold Pursuit,2019,119,82559,"GB,NO,CN,CA,US,FR",True,0.0,3.0
tt5726086,Insidious: The Last Key,2018,103,77069,US,True,0.0,6.0
tt5776858,Phantom Thread,2017,130,153286,"US,CN",True,55.0,121.0
tt5738280,Dutch,2021,109,654,US,False,0.0,0.0
tt5758778,Skyscraper,2018,102,141584,US,True,0.0,4.0
tt5774060,Underwater,2020,95,104795,US,True,1.0,4.0
tt5779228,The Garfield Movie,2024,101,25545,"US,GB,HK",True,2.0,2.0
tt5734576,The Possession of Hannah Grace,2018,86,28449,US,True,0.0,3.0
tt5816682,Victoria & Abdul,2017,111,39407,"GB,US,CN",True,3.0,15.0
tt5814534,Spies in Disguise,2019,102,60914,US,True,0.0,4.0
tt5814060,The Nun,2018,96,184918,US,True,2.0,1.0
tt5804314,Let There Be Light,2017,100,3438,US,True,0.0,1.0
tt5884052,Pokémon: Detective Pikachu,2019,104,192448,"US,JP,GB,CA",True,0.0,9.0
tt5867314,The Empty Man,2020,137,45408,"US,ZA,FR",True,0.0,1.0
tt5848272,Ralph Breaks the Internet,2018,112,198128,US,True,4.0,67.0
tt5952594,The Mustang,2019,96,15051,"FR,BE,US",True,6.0,10.0
tt5822564,The Kitchen,2019,102,23709,"US,CA",True,0.0,1.0
tt5827916,A Hidden Life,2019,174,30812,"GB,DE,US",True,8.0,27.0
tt5962210,Ingrid Goes West,2017,98,50543,US,True,2.0,10.0
tt5929750,Beatriz at Dinner,2017,82,11190,US,True,2.0,8.0
tt5886046,Escape Room,2019,99,153145,"US,ZA",True,2.0,7.0
tt5971474,The Little Mermaid,2023,135,174295,US,True,2.0,31.0
tt6063050,Acrimony,2018,120,10631,US,True,1.0,1.0
tt6003368,Diary of a Wimpy Kid: The Long Haul,2017,91,12119,US,True,0.0,1.0
tt6000478,"Roman J. Israel, Esq.",2017,122,46333,"CA,AE,US",True,2.0,11.0
tt6095472,The Angry Birds Movie 2,2019,97,39787,"FI,US,AU,CA,GB",True,1.0,3.0
tt6108178,Disobedience,2017,114,39010,"IE,GB,US,BE",True,5.0,36.0
tt6105098,The Lion King,2019,118,285687,"US,GB,KE",True,21.0,44.0
tt6054650,A Question of Faith,2017,104,1244,US,False,0.0,0.0
tt6053438,First Reformed,2017,113,65850,"US,GB,AU",True,62.0,108.0
tt6107548,Late Night,2019,102,42802,US,True,1.0,14.0
tt6113488,The Case for Christ,2017,112,11295,US,True,0.0,4.0
tt6182908,Smallfoot,2018,96,44623,US,True,1.0,14.0
tt6146586,John Wick: Chapter 3 - Parabellum,2019,130,462477,"US,MA,UA,IT",True,18.0,29.0
tt6166392,Wonka,2023,116,180788,"US,GB,CA",True,3.0,44.0
tt6139732,Aladdin,2019,128,306731,"US,GB,SG,CA,CZ,RS,CN",True,9.0,39.0
tt6133466,The First Purge,2018,97,76077,"JP,US",True,0.0,1.0
tt6217804,Boo 2! A Madea Halloween,2017,101,5590,US,True,1.0,3.0
tt6246322,Don't Breathe 2,2021,98,78868,US,True,0.0,1.0
tt6225520,The Man Who Invented Christmas,2017,104,20799,"IE,CA,US,GB",True,2.0,8.0
tt6189022,Angel Has Fallen,2019,121,118750,"US,GB,PT,CA,BG",True,0.0,1.0
tt6263850,Deadpool & Wolverine,2024,128,520950,"US,GB,NZ,CA",True,29.0,69.0
tt6266538,Vice,2018,132,170759,US,True,35.0,139.0
tt6264654,Free Guy,2021,115,470504,"US,CA",True,6.0,30.0
tt6320628,Spider-Man: Far from Home,2019,129,609852,"US,CZ,AU,CA,IT",True,11.0,26.0
tt6343314,Creed II,2018,130,164843,US,True,1.0,12.0
tt6324278,Abominable,2019,97,45438,"CN,JP,US",True,4.0,23.0
tt6394270,Bombshell,2019,109,133074,"CA,US",True,25.0,63.0
tt6306064,Adrift,2018,96,64697,"HK,IS,US,GB",True,0.0,5.0
tt6294822,The Post,2017,116,168901,"US,IN",True,21.0,116.0
tt6359956,A Bad Moms Christmas,2017,104,60898,"US,CN",True,1.0,1.0
tt6348138,Missing Link,2019,93,30096,"US,CA,NL,JP",True,5.0,43.0
tt6443346,Black Adam,2022,125,296685,"US,CA,NZ,HU",True,1.0,12.0
tt6450186,I Can Only Imagine,2018,110,19741,US,True,6.0,5.0
tt6450804,Terminator: Dark Fate,2019,128,206826,"US,ES,HU,CN",True,1.0,12.0
tt6398184,Downton Abbey,2019,122,67673,"GB,CN,US",True,3.0,19.0
tt6428676,Wonder Park,2019,85,13232,US,True,1.0,1.0
tt6421110,Proud Mary,2018,89,11326,US,True,1.0,4.0
tt6472976,Five Feet Apart,2019,116,92741,US,True,3.0,8.0
tt6475714,Monster Hunter,2020,103,72793,"DE,US,JP,CN,ZA,CA",True,0.0,2.0
tt6439020,The Personal History of David Copperfield,2019,119,23524,"GB,US",True,19.0,32.0
tt6467266,Sing 2,2021,110,97128,"JP,US",True,2.0,21.0
tt6565702,X-Men: Dark Phoenix,2019,113,221200,US,True,0.0,13.0
tt6495056,Migration,2023,83,42235,"JP,US",True,1.0,8.0
tt6512428,Indivisible,2018,119,1458,US,True,1.0,1.0
tt6513120,Fighting with My Family,2019,108,91661,"GB,US",True,10.0,5.0
tt6543652,Cold War,2018,89,64313,"PL,GB,FR,BE,IN",True,52.0,126.0
tt6652708,God's Not Dead: A Light in Darkness,2018,105,4936,US,True,0.0,3.0
tt6663582,The Spy Who Dumped Me,2018,117,85732,"US,CA,DE,HU,NL",True,3.0,4.0
tt6644200,A Quiet Place,2018,90,636617,US,True,38.0,129.0
tt6574272,Phoenix Forgotten,2017,87,7455,"US,CN,GB",True,0.0,1.0
tt6587046,The Boy and the Heron,2023,124,100701,JP,True,34.0,86.0
tt6673612,Dolittle,2020,101,75836,"CN,JP,US",True,4.0,9.0
tt6723592,Tenet,2020,150,639687,"US,GB",True,49.0,134.0
tt6751668,Parasite,2019,132,1091148,KR,True,309.0,260.0
tt6722030,The Intruder,2019,102,20940,"US,CA",False,0.0,0.0
tt6718170,The Super Mario Bros. Movie,2023,92,274738,"JP,US",True,2.0,48.0
tt6710474,Everything Everywhere All at Once,2022,139,589528,US,True,397.0,379.0
tt6791096,I Feel Pretty,2018,110,59290,"CN,US",True,1.0,6.0
tt6781982,Night School,2018,111,48068,"US,CN",True,1.0,4.0
tt6772950,Truth or Dare,2018,100,71359,US,True,1.0,2.0
tt6791350,Guardians of the Galaxy Vol. 3,2023,150,442912,"US,NZ,FR,CA",True,11.0,90.0
tt6820256,Arctic,2018,98,61350,"US,IS",True,0.0,5.0
tt6850820,Peppermint,2018,101,74224,"US,CN",True,0.0,4.0
tt6811018,The Kid Who Would Be King,2019,120,19878,"GB,US",True,3.0,3.0
tt6806448,Fast & Furious Presents: Hobbs & Shaw,2019,137,251168,"US,JP",True,1.0,25.0
tt6802308,The 15:17 to Paris,2018,94,36676,US,True,1.0,3.0
tt6878306,News of the World,2020,118,99343,"CN,US",True,5.0,81.0
tt6823368,Glass,2019,129,296203,"CN,US",True,2.0,15.0
tt6857166,Book Club,2018,104,34101,US,True,2.0,3.0
tt6857112,Us,2019,116,374514,"CN,JP,US",True,85.0,133.0
tt6856242,The King's Man,2021,131,189731,"GB,US",True,1.0,4.0
tt6902332,The Marksman,2021,108,46734,US,False,0.0,0.0
tt6881490,Sound of Hope: The Story of Possum Trot,2024,130,2272,US,True,1.0,4.0
tt6911608,Mamma Mia! Here We Go Again,2018,114,117003,"GB,CN,HR,JP,US",True,1.0,13.0
tt6906292,Retribution,2023,91,26387,"FR,DE,ES,US,CA,IE",True,0.0,1.0
tt6924650,Midway,2019,138,101889,"US,CA,CN,HK",True,0.0,1.0
tt6920084,Resident Evil: Welcome to Raccoon City,2021,107,69307,"CA,DE",True,1.0,2.0
tt6902696,Gloria Bell,2018,102,13675,"CL,US",True,0.0,9.0
tt6932874,The Boss Baby: Family Business,2021,107,25114,US,True,0.0,7.0
tt6964076,Pavarotti,2019,114,4029,"US,GB,FR,IT",True,1.0,6.0
tt6951892,Samson,2018,110,5162,"ZA,US",False,0.0,0.0
tt7040874,A Simple Favor,2018,117,186203,"CA,US",True,3.0,10.0
tt7008872,Boy Erased,2018,115,45476,"AU,US,CN",True,12.0,52.0
tt7014006,Eighth Grade,2018,93,85388,US,True,60.0,91.0
tt6966692,Green Book,2018,130,649387,"CN,JP,US",True,58.0,123.0
tt6977338,Good Boys,2019,90,87119,"US,CA",True,2.0,7.0
tt7125860,If Beale Street Could Talk,2018,119,54263,US,True,108.0,194.0
tt7097896,Venom: Let There Be Carnage,2021,97,292872,US,True,1.0,6.0
tt7083526,Breakthrough,2019,116,11582,"US,CA",True,2.0,11.0
tt7054636,A Madea Family Funeral,2019,109,5420,US,True,0.0,8.0
tt7126948,Wonder Woman 1984,2020,151,305070,US,True,27.0,48.0
tt7131622,Once Upon a Time... in Hollywood,2019,161,923104,"US,GB,CN",True,146.0,377.0
tt7137846,Breaking In,2018,88,17548,"JP,US",True,1.0,1.0
tt7144666,The Black Phone,2021,103,232500,US,True,10.0,18.0
tt7130916,Dicks: The Musical,2023,86,3919,US,True,1.0,5.0
tt7160372,The Zone of Interest,2023,105,138729,"GB,PL,US",True,71.0,185.0
tt7329656,47 Meters Down: Uncaged,2019,90,32852,"GB,US",False,0.0,0.0
tt7322224,Triangle of Sadness,2022,147,206759,"GB,SE,DE,MX,FR,TR,DK,US,CH,GR",True,24.0,83.0
tt7286456,Joker,2019,122,1632868,"US,CA,AU",True,120.0,246.0
tt7242142,Blindspotting,2018,95,33863,US,True,5.0,23.0
tt7334528,Uncle Drew,2018,103,16777,US,True,3.0,1.0
tt7349662,BlacKkKlansman,2018,135,304800,"US,CN",True,46.0,215.0
tt7349950,It: Chapter Two,2019,169,329489,"US,CA",True,7.0,34.0
tt7365604,Dog Days,2018,113,5788,US,True,1.0,0.0
tt7390646,Black and Blue,2019,108,28801,US,True,1.0,2.0
tt7339792,Unbroken: Path to Redemption,2018,98,3661,US,True,0.0,5.0
tt7388562,"Paul, Apostle of Christ",2018,108,10910,US,True,5.0,5.0
tt7424200,Teen Titans GO! To the Movies,2018,84,23091,US,True,0.0,9.0
tt7405458,A Man Called Otto,2022,126,197788,"US,SE,CA,IE,GB",True,1.0,10.0
tt7401588,Instant Family,2018,118,131376,US,True,3.0,5.0
tt7466442,The Bob's Burgers Movie,2022,102,23308,US,True,0.0,2.0
tt7510222,Despicable Me 4,2024,94,70627,US,True,2.0,6.0
tt7599146,Sound of Freedom,2023,131,132691,"MX,US",True,2.0,4.0
tt7605074,The Wandering Earth,2019,125,38453,CN,True,39.0,40.0
tt7616798,A Dog's Way Home,2019,96,21865,"CN,US",True,2.0,0.0
tt7547410,Dora and the Lost City of Gold,2019,102,38104,"US,AU,GB",True,4.0,2.0
tt7549996,Judy,2019,118,57237,"GB,FR,US",True,24.0,68.0
tt7504818,Ron's Gone Wrong,2021,107,43753,"US,GB,IN",True,0.0,10.0
tt7664504,Three Identical Strangers,2018,96,43615,"GB,US",True,12.0,58.0
tt7657566,Death on the Nile,2022,127,203727,US,True,1.0,8.0
tt7634968,What Men Want,2019,117,33804,US,True,1.0,0.0
tt7693316,Devotion,2022,139,31193,US,True,2.0,9.0
tt7740496,Nightmare Alley,2021,150,176962,"US,MX,CA",True,29.0,121.0
tt7681902,Won't You Be My Neighbor?,2018,95,27764,US,True,54.0,34.0
tt7690670,SuperFly,2018,116,7948,US,False,0.0,0.0
tt7668870,Searching,2018,102,188471,"US,RU",True,6.0,10.0
tt7671064,Brittany Runs a Marathon,2019,104,23433,"US,CA",True,2.0,7.0
tt7860270,Pandas,2018,42,779,US,True,1.0,1.0
tt7798634,Ready or Not,2019,95,220854,"US,CA",True,4.0,24.0
tt7784604,Hereditary,2018,127,429561,US,True,52.0,112.0
tt7775622,Free Solo,2018,100,82745,US,True,31.0,54.0
tt7888964,Nobody,2021,92,362673,"CN,JP,US",True,5.0,18.0
tt7984734,The Lighthouse,2019,109,288082,"CA,US",True,34.0,139.0
tt8004664,Come Play,2020,96,19624,"US,IN",True,0.0,1.0
tt7975244,Jumanji: The Next Level,2019,123,308480,"US,IN,AU,NZ,TH,CA,KR,CN,NL",True,2.0,10.0
tt7959026,The Mule,2018,116,163329,"US,CA",True,1.0,10.0
tt7905466,They Shall Not Grow Old,2018,99,39976,"GB,NZ",True,6.0,14.0
tt8079248,Yesterday,2019,116,178632,"GB,CN,JP,US",True,2.0,19.0
tt8045906,Words on Bathroom Walls,2020,110,15061,US,True,0.0,2.0
tt8041270,Jurassic World: Dominion,2022,147,234441,"CN,US",True,1.0,25.0
tt8080302,Penguins,2019,76,1983,"US,GB",True,1.0,1.0
tt8093700,The Woman King,2022,135,80399,"US,ZA,IE",True,28.0,126.0
tt8085790,Little,2019,109,15691,"CN,US",True,3.0,6.0
tt8115900,The Bad Guys,2022,100,71081,"JP,US",True,2.0,30.0
tt8155288,Happy Death Day 2U,2019,100,92677,"JP,US",True,0.0,4.0
tt8151874,Honey Boy,2019,94,42294,US,True,10.0,41.0
tt8110900,Running the Bases,2022,127,725,US,True,9.0,0.0
tt8110652,Bodies Bodies Bodies,2022,94,85458,"US,FR",True,2.0,16.0
tt8266310,Blinded by the Light,2019,118,28163,"GB,US,FR",True,2.0,8.0
tt8186318,Overcomer,2019,119,6221,US,True,2.0,3.0
tt8277246,His Only Son,2023,106,2857,US,False,0.0,0.0
tt8291224,Uri: The Surgical Strike,2019,138,77269,IN,True,20.0,27.0
tt8338076,Queen Bees,2021,100,4582,US,True,0.0,2.0
tt8350360,Annabelle Comes Home,2019,106,95199,US,True,0.0,2.0
tt8305806,The Wretched,2019,95,20875,US,True,4.0,5.0
tt8332922,A Quiet Place Part II,2020,97,309137,US,True,14.0,44.0
tt8333746,Pinocchio,2019,125,15507,"IT,FR,GB,BE",True,19.0,25.0
tt8368512,The Courier,2020,112,79569,"GB,US",True,0.0,2.0
tt8367814,The Gentlemen,2019,113,439614,"US,GB",True,1.0,4.0
tt8364368,Crawl,2019,87,100091,US,True,0.0,5.0
tt8356942,The 355,2022,122,41682,"CN,US",True,3.0,3.0
tt8521778,Bob Marley: One Love,2024,107,36128,US,True,2.0,14.0
tt8385474,A Dog's Journey,2019,109,31547,"CN,IN,HK,US",True,0.0,2.0
tt8564902,Death of a Nation,2018,108,7501,US,True,2.0,2.0
tt8385148,Hitman's Wife's Bodyguard,2021,100,116189,"GB,US,SE,BG,FR",True,0.0,5.0
tt8589698,Teenage Mutant Ninja Turtles: Mutant Mayhem,2023,99,74973,"US,JP,CA",True,1.0,73.0
tt8579674,1917,2019,119,740033,"GB,US,IN,ES,CA",True,135.0,200.0
tt8477134,Tulsa,2020,120,1277,US,True,1.0,2.0
tt8376234,Peter Rabbit 2: The Runaway,2021,93,16161,"US,AU",True,2.0,6.0
tt8623904,Last Christmas,2019,103,98385,"GB,CN,US",True,1.0,2.0
tt8609660,My Penguin Friend,2024,97,6022,"BR,US,ES",True,1.0,2.0
tt8760708,M3GAN,2022,102,172466,"US,NZ",True,4.0,31.0
tt8637428,The Farewell,2019,100,74456,"US,CN",True,37.0,190.0
tt8688634,21 Bridges,2019,99,79016,"US,CN",True,0.0,2.0
tt8722346,Queen & Slim,2019,132,36354,"CA,US",True,13.0,44.0
tt8760684,Apollo 11,2019,93,28158,US,True,59.0,44.0
tt8884430,Echo in the Canyon,2018,82,4216,US,True,2.0,3.0
tt8847712,The French Dispatch,2021,107,161488,"US,DE,SE,FR,GB",True,25.0,123.0
tt8829830,Fatale,2020,102,15552,US,False,0.0,0.0
tt8772262,Midsommar,2019,148,458260,"US,SE",True,27.0,74.0
tt8912936,DC League of Super-Pets,2022,105,79700,"US,AU,CA",True,1.0,9.0
tt9024106,Unplanned,2019,109,12010,US,True,6.0,3.0
tt8969332,The Biggest Little Farm,2018,91,9572,US,True,15.0,27.0
tt9098454,The Girl Who Believes in Miracles,2021,100,2074,US,False,0.0,0.0
tt8946378,Knives Out,2019,130,827752,US,True,52.0,113.0
tt8928230,¿Y cómo es él?,2020,95,286,MX,True,1.0,1.0
tt9032400,Eternals,2021,156,414415,US,True,7.0,18.0
tt9114286,Black Panther: Wakanda Forever,2022,161,339139,US,,,
tt9098872,The Rescue,2021,107,22545,"GB,US",True,16.0,40.0
tt9071322,Dark Waters,2019,126,117377,US,True,0.0,10.0
tt9116358,Promare,2019,111,5712,JP,True,1.0,5.0
tt9347730,Candyman,2021,91,80894,"CA,AU,US",True,10.0,24.0
tt9224104,Meg 2: The Trench,2023,116,95729,"US,CN,TH,DE,CA,GB",True,3.0,5.0
tt9271672,Prey for the Devil,2022,93,20335,US,False,0.0,0.0
tt9340860,Let Him Go,2020,113,37735,US,True,3.0,3.0
tt9362930,Blue Beetle,2023,127,111216,"US,MX,CA,DE",True,3.0,12.0
tt9362722,Spider-Man: Across the Spider-Verse,2023,140,474703,US,True,106.0,164.0
tt9357050,Dear Evan Hansen,2021,137,20362,"CN,JP,US",True,0.0,8.0
tt9134216,Playing with Fire,2019,96,17363,US,True,2.0,2.0
tt9411972,Where the Crawdads Sing,2022,125,150568,US,True,3.0,13.0
tt9376612,Shang-Chi and the Legend of the Ten Rings,2021,132,471412,US,True,19.0,67.0
tt9603212,Mission: Impossible - Dead Reckoning Part One,2023,163,307917,US,True,18.0,67.0
tt9620288,King Richard,2021,144,148873,"US,AU",True,49.0,141.0
tt9487594,Compulsive Liar,2019,111,1187,CA,True,0.0,3.0
tt9419056,The Unholy,2021,99,30136,US,True,0.0,1.0
tt9426210,Weathering with You,2019,112,65324,"JP,CN",True,6.0,13.0
tt9419884,Doctor Strange in the Multiverse of Madness,2022,126,524186,US,True,10.0,28.0
tt9620292,Promising Young Woman,2020,113,228210,"GB,US",True,116.0,195.0
tt9731534,The Night House,2020,107,74535,"GB,US",True,1.0,19.0
tt9682428,Night Swim,2024,98,28618,"AU,US",True,0.0,1.0
tt9663764,Aquaman and the Lost Kingdom,2023,124,110355,"US,GB,CA,AU,IS",True,1.0,6.0
tt9883996,Dream Horse,2020,113,7503,GB,True,3.0,5.0
tt9735462,Aline,2020,126,3630,"FR,CA,BE,ES,US",True,1.0,19.0
tt9764362,The Menu,2022,107,467190,US,True,2.0,66.0
tt9784798,Judas and the Black Messiah,2021,126,95740,US,True,45.0,85.0
